Types of Transaction,Month,Year,Volume,Amount,Type of Transaction,,,,
Interbank,Jan,2016,42925.00,10076051189004.10,BSP,,,,
Interbank,Feb,2016,43437.00,10178634047152.00,BSP,,,,
Interbank,Mar,2016,48952.00,12993100007454.50,BSP,,,,
Interbank,Apr,2016,46201.00,11871505485147.00,BSP,,,,
Interbank,May,2016,47436.00,11680295532139.50,BSP,,,,
Interbank,Jun,2016,50054.00,22741418161485.90,BSP,,,,
Interbank,Jul,2016,46777.00,19823195565882.90,BSP,,,,
Interbank,Aug,2016,49090.00,19766111299267.80,BSP,,,,
Interbank,Sep,2016,49674.00,17369962322777.40,BSP,,,,
Interbank,Oct,2016,46506.00,14210077123256.20,BSP,,,,
Interbank,Nov,2016,47892.00,11582323631784.40,BSP,,,,
Interbank,Dec,2016,50899.00,7630120645307.96,BSP,,,,
Interbank,Jan,2017,49224.00,6262892017201.96,BSP,,,,
Interbank,Feb,2017,47050.00,4877233842923.61,BSP,,,,
Interbank,Mar,2017,54325.00,5241626750886.52,BSP,,,,
Interbank,Apr,2017,42631.00,4127365508610.38,BSP,,,,
Interbank,May,2017,53562.00,4408499297698.56,BSP,,,,
Interbank,Jun,2017,49194.00,4657555139727.78,BSP,,,,
Interbank,Jul,2017,51268.00,3681874250889.67,BSP,,,,
Interbank,Aug,2017,51596.00,2959637810507.22,BSP,,,,
Interbank,Sep,2017,47833.00,2202679261081.74,BSP,,,,
Interbank,Oct,2017,50018.00,2412465710165.97,BSP,,,,
Interbank,Nov,2017,48982.00,2409993007745.39,BSP,,,,
Interbank,Dec,2017,54073.00,3312495385171.42,BSP,,,,
Interbank,Jan,2018,52760.00,3129197446697.82,BSP,,,,
Interbank,Feb,2018,50715.00,3172063151335.16,BSP,,,,
Interbank,Mar,2018,53939.00,3131603325664.23,BSP,,,,
Interbank,Apr,2018,54522.00,3806214023624.54,BSP,,,,
Interbank,May,2018,55732.00,3734599846525.94,BSP,,,,
Interbank,Jun,2018,51552.00,3003980587075.22,BSP,,,,
Interbank,Jul,2018,52925.00,2956153297199.88,BSP,,,,
Interbank,Aug,2018,54136.00,2998287571523.11,BSP,,,,
Interbank,Sep,2018,52507.00,3336686526096.35,BSP,,,,
Interbank,Oct,2018,61277.00,4020000000000.00,BSP,,,,
Interbank,Nov,2018,53610.00,3440000000000.00,BSP,,,,
Interbank,Dec,2018,55081.00,3550000000000.00,BSP,,,,
Interbank,Jan,2019,56965.00,3961901.35,BSP,,,,
Interbank,Feb,2019,49726.00,3365799.85,BSP,,,,
Interbank,Mar,2019,58115.00,4217887.74,BSP,,,,
Interbank,Apr,2019,54015.00,4151327.54,BSP,,,,
Interbank,May,2019,57679.00,4477183.25,BSP,,,,
 PesoNet Transaction ,Jan,2016,0.00,0.00,BSP,,,,
 PesoNet Transaction ,Feb,2016,0.00,0.00,BSP,,,,
 PesoNet Transaction ,Mar,2016,0.00,0.00,BSP,,,,
 PesoNet Transaction ,Apr,2016,0.00,0.00,BSP,,,,
 PesoNet Transaction ,May,2016,0.00,0.00,BSP,,,,
 PesoNet Transaction ,Jun,2016,0.00,0.00,BSP,,,,
 PesoNet Transaction ,Jul,2016,0.00,0.00,BSP,,,,
 PesoNet Transaction ,Aug,2016,0.00,0.00,BSP,,,,
 PesoNet Transaction ,Sep,2016,0.00,0.00,BSP,,,,
 PesoNet Transaction ,Oct,2016,0.00,0.00,BSP,,,,
 PesoNet Transaction ,Nov,2016,0.00,0.00,BSP,,,,
 PesoNet Transaction ,Dec,2016,0.00,0.00,BSP,,,,
 PesoNet Transaction ,Jan,2017,0.00,0.00,BSP,,,,
 PesoNet Transaction ,Feb,2017,0.00,0.00,BSP,,,,
 PesoNet Transaction ,Mar,2017,0.00,0.00,BSP,,,,
 PesoNet Transaction ,Apr,2017,0.00,0.00,BSP,,,,
 PesoNet Transaction ,May,2017,0.00,0.00,BSP,,,,
 PesoNet Transaction ,Jun,2017,0.00,0.00,BSP,,,,
 PesoNet Transaction ,Jul,2017,0.00,0.00,BSP,,,,
 PesoNet Transaction ,Aug,2017,0.00,0.00,BSP,,,,
 PesoNet Transaction ,Sep,2017,0.00,0.00,BSP,,,,
 PesoNet Transaction ,Oct,2017,0.00,0.00,BSP,,,,
 PesoNet Transaction ,Nov,2017,0.00,0.00,BSP,,,,
 PesoNet Transaction ,Dec,2017,0.00,0.00,BSP,,,,
 PesoNet Transaction ,Jan,2018,0.00,0.00,BSP,,,,
 PesoNet Transaction ,Feb,2018,0.00,0.00,BSP,,,,
 PesoNet Transaction ,Mar,2018,0.00,0.00,BSP,,,,
 PesoNet Transaction ,Apr,2018,0.00,0.00,BSP,,,,
 PesoNet Transaction ,May,2018,0.00,0.00,BSP,,,,
 PesoNet Transaction ,Jun,2018,0.00,0.00,BSP,,,,
 PesoNet Transaction ,Jul,2018,0.00,0.00,BSP,,,,
 PesoNet Transaction ,Aug,2018,0.00,0.00,BSP,,,,
 PesoNet Transaction ,Sep,2018,0.00,0.00,BSP,,,,
 PesoNet Transaction ,Oct,2018,970.00,50000000000.00,BSP,,,,
 PesoNet Transaction ,Nov,2018,831.00,60000000000.00,BSP,,,,
 PesoNet Transaction ,Dec,2018,791.00,50000000000.00,BSP,,,,
 PesoNet Transaction ,Jan,2019,969.00,52336097000.00,BSP,,,,
 PesoNet Transaction ,Feb,2019,808.00,52143028000.00,BSP,,,,
 PesoNet Transaction ,Mar,2019,943.00,54648510000.00,BSP,,,,
 PesoNet Transaction ,Apr,2019,860.00,56787378000.00,BSP,,,,
 PesoNet Transaction ,May,2019,977.00,59313450000.00,BSP,,,,
Check Clearing Results (Net),Jan,2016,2603.00,427578638704.69,BSP,,,,
Check Clearing Results (Net),Feb,2016,2487.00,350132816674.74,BSP,,,,
Check Clearing Results (Net),Mar,2016,2746.00,446092881941.34,BSP,,,,
Check Clearing Results (Net),Apr,2016,2750.00,436803164268.77,BSP,,,,
Check Clearing Results (Net),May,2016,2741.00,396126221048.31,BSP,,,,
Check Clearing Results (Net),Jun,2016,2868.00,442591323276.56,BSP,,,,
Check Clearing Results (Net),Jul,2016,2628.00,369066606878.45,BSP,,,,
Check Clearing Results (Net),Aug,2016,2886.00,383673009217.82,BSP,,,,
Check Clearing Results (Net),Sep,2016,2758.00,371747345710.35,BSP,,,,
Check Clearing Results (Net),Oct,2016,2631.00,365953396856.15,BSP,,,,
Check Clearing Results (Net),Nov,2016,2633.00,393835839052.35,BSP,,,,
Check Clearing Results (Net),Dec,2016,2628.00,455722135378.05,BSP,,,,
Check Clearing Results (Net),Jan,2017,2505.00,410196168877.78,BSP,,,,
Check Clearing Results (Net),Feb,2017,2063.00,415301528083.04,BSP,,,,
Check Clearing Results (Net),Mar,2017,2364.00,535821713056.46,BSP,,,,
Check Clearing Results (Net),Apr,2017,1759.00,433006536861.10,BSP,,,,
Check Clearing Results (Net),May,2017,2278.00,582187453355.98,BSP,,,,
Check Clearing Results (Net),Jun,2017,2078.00,503979318243.43,BSP,,,,
Check Clearing Results (Net),Jul,2017,2169.00,520907413625.24,BSP,,,,
Check Clearing Results (Net),Aug,2017,2174.00,461589861158.44,BSP,,,,
Check Clearing Results (Net),Sep,2017,2020.00,497157052108.22,BSP,,,,
Check Clearing Results (Net),Oct,2017,2132.00,481964528996.63,BSP,,,,
Check Clearing Results (Net),Nov,2017,2056.00,450806534366.29,BSP,,,,
Check Clearing Results (Net),Dec,2017,1968.00,554037731060.78,BSP,,,,
Check Clearing Results (Net),Jan,2018,2184.00,482562673425.28,BSP,,,,
Check Clearing Results (Net),Feb,2018,1989.00,445158078329.20,BSP,,,,
Check Clearing Results (Net),Mar,2018,2102.00,494018941918.23,BSP,,,,
Check Clearing Results (Net),Apr,2018,2107.00,554671949009.91,BSP,,,,
Check Clearing Results (Net),May,2018,2229.00,570884806935.07,BSP,,,,
Check Clearing Results (Net),Jun,2018,2030.00,551015815595.31,BSP,,,,
Check Clearing Results (Net),Jul,2018,2392.00,587779023672.02,BSP,,,,
Check Clearing Results (Net),Aug,2018,2326.00,631980830147.02,BSP,,,,
Check Clearing Results (Net),Sep,2018,2220.00,565259367961.25,BSP,,,,
Check Clearing Results (Net),Oct,2018,1618.00,480000000000.00,BSP,,,,
Check Clearing Results (Net),Nov,2018,1335.00,450000000000.00,BSP,,,,
Check Clearing Results (Net),Dec,2018,1284.00,470000000000.00,BSP,,,,
Check Clearing Results (Net),Jan,2019,1581.00,526160471000.00,BSP,,,,
Check Clearing Results (Net),Feb,2019,1325.00,428688746000.00,BSP,,,,
Check Clearing Results (Net),Mar,2019,1552.00,494345993000.00,BSP,,,,
Check Clearing Results (Net),Apr,2019,1413.00,502709705000.00,BSP,,,,
Check Clearing Results (Net),May,2019,1564.00,557488816000.00,BSP,,,,
MegaLink,Jan,2016,327.00,10848224687.22,BSP,,,,
MegaLink,Feb,2016,315.00,11213318026.22,BSP,,,,
MegaLink,Mar,2016,328.00,10327153316.68,BSP,,,,
MegaLink,Apr,2016,331.00,10524172722.00,BSP,,,,
MegaLink,May,2016,330.00,17491995825.16,BSP,,,,
MegaLink,Jun,2016,362.00,11318043974.70,BSP,,,,
MegaLink,Jul,2016,340.00,11335396770.98,BSP,,,,
MegaLink,Aug,2016,388.00,13263000080.19,BSP,,,,
MegaLink,Sep,2016,239.00,12250253757.21,BSP,,,,
MegaLink,Oct,2016,213.00,12158009079.38,BSP,,,,
MegaLink,Nov,2016,111.00,9105920847.28,BSP,,,,
MegaLink,Dec,2016,35.00,6258797.55,BSP,,,,
MegaLink,Jan,2017,0.00,0.00,BSP,,,,
MegaLink,Feb,2017,0.00,0.00,BSP,,,,
MegaLink,Mar,2017,0.00,0.00,BSP,,,,
MegaLink,Apr,2017,0.00,0.00,BSP,,,,
MegaLink,May,2017,0.00,0.00,BSP,,,,
MegaLink,Jun,2017,0.00,0.00,BSP,,,,
MegaLink,Jul,2017,0.00,0.00,BSP,,,,
MegaLink,Aug,2017,0.00,0.00,BSP,,,,
MegaLink,Sep,2017,0.00,0.00,BSP,,,,
MegaLink,Oct,2017,0.00,0.00,BSP,,,,
MegaLink,Nov,2017,0.00,0.00,BSP,,,,
MegaLink,Dec,2017,0.00,0.00,BSP,,,,
MegaLink,Jan,2018,0.00,0.00,BSP,,,,
MegaLink,Feb,2018,0.00,0.00,BSP,,,,
MegaLink,Mar,2018,0.00,0.00,BSP,,,,
MegaLink,Apr,2018,0.00,0.00,BSP,,,,
MegaLink,May,2018,0.00,0.00,BSP,,,,
MegaLink,Jun,2018,0.00,0.00,BSP,,,,
MegaLink,Jul,2018,0.00,0.00,BSP,,,,
MegaLink,Aug,2018,0.00,0.00,BSP,,,,
MegaLink,Sep,2018,0.00,0.00,BSP,,,,
MegaLink,Oct,2018,0.00,0.00,BSP,,,,
MegaLink,Nov,2018,0.00,0.00,BSP,,,,
MegaLink,Dec,2018,0.00,0.00,BSP,,,,
MegaLink,Jan,2019,0.00,0.00,BSP,,,,
MegaLink,Feb,2019,0.00,0.00,BSP,,,,
MegaLink,Mar,2019,0.00,0.00,BSP,,,,
MegaLink,Apr,2019,0.00,0.00,BSP,,,,
MegaLink,May,2019,0.00,0.00,BSP,,,,
BancNet,Jan,2016,2324.00,37127968533.03,BSP,,,,
BancNet,Feb,2016,2220.00,34388485394.94,BSP,,,,
BancNet,Mar,2016,2436.00,37922142335.69,BSP,,,,
BancNet,Apr,2016,2437.00,33794642055.70,BSP,,,,
BancNet,May,2016,2435.00,59640115874.75,BSP,,,,
BancNet,Jun,2016,2552.00,37372195655.65,BSP,,,,
BancNet,Jul,2016,2295.00,36771285193.74,BSP,,,,
BancNet,Aug,2016,2508.00,40000401855.89,BSP,,,,
BancNet,Sep,2016,2459.00,38957501392.54,BSP,,,,
BancNet,Oct,2016,2400.00,36337874483.23,BSP,,,,
BancNet,Nov,2016,2434.00,80069982309.90,BSP,,,,
BancNet,Dec,2016,2472.00,85831090001.99,BSP,,,,
BancNet,Jan,2017,2590.00,82323589353.36,BSP,,,,
BancNet,Feb,2017,2501.00,63316058844.48,BSP,,,,
BancNet,Mar,2017,2872.00,69035461919.84,BSP,,,,
BancNet,Apr,2017,2115.00,53140862499.26,BSP,,,,
BancNet,May,2017,2746.00,91412677868.63,BSP,,,,
BancNet,Jun,2017,2494.00,60764883199.71,BSP,,,,
BancNet,Jul,2017,2434.00,64066398110.91,BSP,,,,
BancNet,Aug,2017,2596.00,57033030044.44,BSP,,,,
BancNet,Sep,2017,2335.00,57131372252.29,BSP,,,,
BancNet,Oct,2017,2462.00,62046646617.12,BSP,,,,
BancNet,Nov,2017,2448.00,91630209952.15,BSP,,,,
BancNet,Dec,2017,2316.00,88736673249.26,BSP,,,,
BancNet,Jan,2018,2554.00,78479182404.69,BSP,,,,
BancNet,Feb,2018,2301.00,63702024188.29,BSP,,,,
BancNet,Mar,2018,2433.00,80351448071.52,BSP,,,,
BancNet,Apr,2018,2458.00,77981834422.07,BSP,,,,
BancNet,May,2018,3058.00,103917071151.62,BSP,,,,
BancNet,Jun,2018,2825.00,79593380356.00,BSP,,,,
BancNet,Jul,2018,3195.00,81635134212.00,BSP,,,,
BancNet,Aug,2018,2978.00,73601757695.75,BSP,,,,
BancNet,Sep,2018,2848.00,75368758966.89,BSP,,,,
BancNet,Oct,2018,3284.00,80000000000.00,BSP,,,,
BancNet,Nov,2018,2719.00,120000000000.00,BSP,,,,
BancNet,Dec,2018,2626.00,110000000000.00,BSP,,,,
BancNet,Jan,2019,3147.00,97120793000.00,BSP,,,,
BancNet,Feb,2019,2604.00,80598960000.00,BSP,,,,
BancNet,Mar,2019,3128.00,80625862000.00,BSP,,,,
BancNet,Apr,2019,2870.00,89886430000.00,BSP,,,,
BancNet,May,2019,3151.00,116270716000.00,BSP,,,,
 InstaPay*** ,Jan,2016,0.00,0.00,BSP,,,,
 InstaPay*** ,Feb,2016,0.00,0.00,BSP,,,,
 InstaPay*** ,Mar,2016,0.00,0.00,BSP,,,,
 InstaPay*** ,Apr,2016,0.00,0.00,BSP,,,,
 InstaPay*** ,May,2016,0.00,0.00,BSP,,,,
 InstaPay*** ,Jun,2016,0.00,0.00,BSP,,,,
 InstaPay*** ,Jul,2016,0.00,0.00,BSP,,,,
 InstaPay*** ,Aug,2016,0.00,0.00,BSP,,,,
 InstaPay*** ,Sep,2016,0.00,0.00,BSP,,,,
 InstaPay*** ,Oct,2016,0.00,0.00,BSP,,,,
 InstaPay*** ,Nov,2016,0.00,0.00,BSP,,,,
 InstaPay*** ,Dec,2016,0.00,0.00,BSP,,,,
 InstaPay*** ,Jan,2017,0.00,0.00,BSP,,,,
 InstaPay*** ,Feb,2017,0.00,0.00,BSP,,,,
 InstaPay*** ,Mar,2017,0.00,0.00,BSP,,,,
 InstaPay*** ,Apr,2017,0.00,0.00,BSP,,,,
 InstaPay*** ,May,2017,0.00,0.00,BSP,,,,
 InstaPay*** ,Jun,2017,0.00,0.00,BSP,,,,
 InstaPay*** ,Jul,2017,0.00,0.00,BSP,,,,
 InstaPay*** ,Aug,2017,0.00,0.00,BSP,,,,
 InstaPay*** ,Sep,2017,0.00,0.00,BSP,,,,
 InstaPay*** ,Oct,2017,0.00,0.00,BSP,,,,
 InstaPay*** ,Nov,2017,0.00,0.00,BSP,,,,
 InstaPay*** ,Dec,2017,0.00,0.00,BSP,,,,
 InstaPay*** ,Jan,2018,0.00,0.00,BSP,,,,
 InstaPay*** ,Feb,2018,0.00,0.00,BSP,,,,
 InstaPay*** ,Mar,2018,0.00,0.00,BSP,,,,
 InstaPay*** ,Apr,2018,257.00,34260290.78,BSP,,,,
 InstaPay*** ,May,2018,813.00,310046079.92,BSP,,,,
 InstaPay*** ,Jun,2018,882.00,598537679.44,BSP,,,,
 InstaPay*** ,Jul,2018,1166.00,944084019.80,BSP,,,,
 InstaPay*** ,Aug,2018,1340.00,1397515746.64,BSP,,,,
 InstaPay*** ,Sep,2018,1403.00,2947802522.40,BSP,,,,
 InstaPay*** ,Oct,2018,1730.00,10000000000.00,BSP,,,,
 InstaPay*** ,Nov,2018,1496.00,10000000000.00,BSP,,,,
 InstaPay*** ,Dec,2018,1504.00,10000000000.00,BSP,,,,
 InstaPay*** ,Jan,2019,1895.00,11363770000.00,BSP,,,,
 InstaPay*** ,Feb,2019,1653.00,11041833000.00,BSP,,,,
 InstaPay*** ,Mar,2019,1940.00,14719182000.00,BSP,,,,
 InstaPay*** ,Apr,2019,1808.00,16104221000.00,BSP,,,,
 InstaPay*** ,May,2019,2091.00,21155270000.00,BSP,,,,
USD Trades (Peso Leg),Jan,2016,12885.00,2516018932036.00,BSP,,,,
USD Trades (Peso Leg),Feb,2016,10976.00,2240042477182.90,BSP,,,,
USD Trades (Peso Leg),Mar,2016,13582.00,2878701756310.95,BSP,,,,
USD Trades (Peso Leg),Apr,2016,13624.00,2748396950806.35,BSP,,,,
USD Trades (Peso Leg),May,2016,13045.00,2630804250178.43,BSP,,,,
USD Trades (Peso Leg),Jun,2016,13879.00,3023410690640.09,BSP,,,,
USD Trades (Peso Leg),Jul,2016,12014.00,2893719904395.34,BSP,,,,
USD Trades (Peso Leg),Aug,2016,11512.00,2554018698015.25,BSP,,,,
USD Trades (Peso Leg),Sep,2016,13156.00,2619810119029.35,BSP,,,,
USD Trades (Peso Leg),Oct,2016,11735.00,2475803213797.95,BSP,,,,
USD Trades (Peso Leg),Nov,2016,11120.00,2280623174396.97,BSP,,,,
USD Trades (Peso Leg),Dec,2016,8456.00,2214467322660.49,BSP,,,,
USD Trades (Peso Leg),Jan,2017,12022.00,2343941932862.04,BSP,,,,
USD Trades (Peso Leg),Feb,2017,10115.00,2003257925300.65,BSP,,,,
USD Trades (Peso Leg),Mar,2017,10904.00,2129134716324.00,BSP,,,,
USD Trades (Peso Leg),Apr,2017,9461.00,1943789578344.99,BSP,,,,
USD Trades (Peso Leg),May,2017,12499.00,2244650625482.02,BSP,,,,
USD Trades (Peso Leg),Jun,2017,12012.00,2268404726624.96,BSP,,,,
USD Trades (Peso Leg),Jul,2017,11753.00,2146575652925.89,BSP,,,,
USD Trades (Peso Leg),Aug,2017,13700.00,2404978491983.49,BSP,,,,
USD Trades (Peso Leg),Sep,2017,13146.00,2389037204583.21,BSP,,,,
USD Trades (Peso Leg),Oct,2017,13624.00,2582698525794.39,BSP,,,,
USD Trades (Peso Leg),Nov,2017,11962.00,2395831078560.02,BSP,,,,
USD Trades (Peso Leg),Dec,2017,10972.00,2055497547470.57,BSP,,,,
USD Trades (Peso Leg),Jan,2018,16220.00,2767453080455.39,BSP,,,,
USD Trades (Peso Leg),Feb,2018,15279.00,2602414968538.28,BSP,,,,
USD Trades (Peso Leg),Mar,2018,11904.00,2389369603367.17,BSP,,,,
USD Trades (Peso Leg),Apr,2018,11800.00,2460354522482.69,BSP,,,,
USD Trades (Peso Leg),May,2018,14411.00,2925986632259.62,BSP,,,,
USD Trades (Peso Leg),Jun,2018,12879.00,2613095867268.43,BSP,,,,
USD Trades (Peso Leg),Jul,2018,12022.00,2597467829339.48,BSP,,,,
USD Trades (Peso Leg),Aug,2018,13356.00,2772516479869.05,BSP,,,,
USD Trades (Peso Leg),Sep,2018,12109.00,2865037922048.18,BSP,,,,
USD Trades (Peso Leg),Oct,2018,15310.00,2970000000000.00,BSP,,,,
USD Trades (Peso Leg),Nov,2018,14089.00,2890000000000.00,BSP,,,,
USD Trades (Peso Leg),Dec,2018,12332.00,2710000000000.00,BSP,,,,
USD Trades (Peso Leg),Jan,2019,16156.00,3036045722000.00,BSP,,,,
USD Trades (Peso Leg),Feb,2019,15240.00,2928930512000.00,BSP,,,,
USD Trades (Peso Leg),Mar,2019,18812.00,3819553730000.00,BSP,,,,
USD Trades (Peso Leg),Apr,2019,14601.00,3030625746000.00,BSP,,,,
USD Trades (Peso Leg),May,2019,16781.00,3124712111000.00,BSP,,,,
GS Trades ,Jan,2016,3466.00,187753013601.12,BSP,,,,
GS Trades ,Feb,2016,5608.00,331080135804.62,BSP,,,,
GS Trades ,Mar,2016,4018.00,175525865839.58,BSP,,,,
GS Trades ,Apr,2016,3745.00,257673161361.24,BSP,,,,
GS Trades ,May,2016,3748.00,271318518631.43,BSP,,,,
GS Trades ,Jun,2016,4577.00,264849243769.98,BSP,,,,
GS Trades ,Jul,2016,4327.00,273597756446.08,BSP,,,,
GS Trades ,Aug,2016,3123.00,150285009397.31,BSP,,,,
GS Trades ,Sep,2016,2679.00,122069295541.98,BSP,,,,
GS Trades ,Oct,2016,2564.00,81531219506.84,BSP,,,,
GS Trades ,Nov,2016,1667.00,59685086604.06,BSP,,,,
GS Trades ,Dec,2016,1795.00,53953860698.17,BSP,,,,
GS Trades ,Jan,2017,4177.00,203210093850.31,BSP,,,,
GS Trades ,Feb,2017,3356.00,166645022026.01,BSP,,,,
GS Trades ,Mar,2017,3910.00,200838337210.55,BSP,,,,
GS Trades ,Apr,2017,2694.00,137025181761.02,BSP,,,,
GS Trades ,May,2017,4462.00,189260585498.97,BSP,,,,
GS Trades ,Jun,2017,4384.00,177979786453.30,BSP,,,,
GS Trades ,Jul,2017,4355.00,168836903591.67,BSP,,,,
GS Trades ,Aug,2017,3818.00,171767358751.15,BSP,,,,
GS Trades ,Sep,2017,4370.00,211425278122.92,BSP,,,,
GS Trades ,Oct,2017,3178.00,90891075405.58,BSP,,,,
GS Trades ,Nov,2017,2089.00,55158403497.64,BSP,,,,
GS Trades ,Dec,2017,2379.00,102105704645.24,BSP,,,,
GS Trades ,Jan,2018,0.00,0.00,BSP,,,,
GS Trades ,Feb,2018,0.00,0.00,BSP,,,,
GS Trades ,Mar,2018,0.00,0.00,BSP,,,,
GS Trades ,Apr,2018,0.00,0.00,BSP,,,,
GS Trades ,May,2018,0.00,0.00,BSP,,,,
GS Trades ,Jun,2018,0.00,0.00,BSP,,,,
GS Trades ,Jul,2018,0.00,0.00,BSP,,,,
GS Trades ,Aug,2018,0.00,0.00,BSP,,,,
GS Trades ,Sep,2018,0.00,0.00,BSP,,,,
GS Trades ,Oct,2018,0.00,0.00,BSP,,,,
GS Trades ,Nov,2018,0.00,0.00,BSP,,,,
GS Trades ,Dec,2018,0.00,0.00,BSP,,,,
GS Trades ,Jan,2019,0.00,0.00,BSP,,,,
GS Trades ,Feb,2019,0.00,0.00,BSP,,,,
GS Trades ,Mar,2019,0.00,0.00,BSP,,,,
GS Trades ,Apr,2019,0.00,0.00,BSP,,,,
GS Trades ,May,2019,0.00,0.00,BSP,,,,
GS Secondary Market Trades ,Jan,2016,0.00,0.00,BSP,,,,
GS Secondary Market Trades ,Feb,2016,0.00,0.00,BSP,,,,
GS Secondary Market Trades ,Mar,2016,0.00,0.00,BSP,,,,
GS Secondary Market Trades ,Apr,2016,0.00,0.00,BSP,,,,
GS Secondary Market Trades ,May,2016,0.00,0.00,BSP,,,,
GS Secondary Market Trades ,Jun,2016,0.00,0.00,BSP,,,,
GS Secondary Market Trades ,Jul,2016,0.00,0.00,BSP,,,,
GS Secondary Market Trades ,Aug,2016,0.00,0.00,BSP,,,,
GS Secondary Market Trades ,Sep,2016,0.00,0.00,BSP,,,,
GS Secondary Market Trades ,Oct,2016,0.00,0.00,BSP,,,,
GS Secondary Market Trades ,Nov,2016,0.00,0.00,BSP,,,,
GS Secondary Market Trades ,Dec,2016,0.00,0.00,BSP,,,,
GS Secondary Market Trades ,Jan,2017,0.00,0.00,BSP,,,,
GS Secondary Market Trades ,Feb,2017,0.00,0.00,BSP,,,,
GS Secondary Market Trades ,Mar,2017,0.00,0.00,BSP,,,,
GS Secondary Market Trades ,Apr,2017,0.00,0.00,BSP,,,,
GS Secondary Market Trades ,May,2017,0.00,0.00,BSP,,,,
GS Secondary Market Trades ,Jun,2017,0.00,0.00,BSP,,,,
GS Secondary Market Trades ,Jul,2017,0.00,0.00,BSP,,,,
GS Secondary Market Trades ,Aug,2017,0.00,0.00,BSP,,,,
GS Secondary Market Trades ,Sep,2017,0.00,0.00,BSP,,,,
GS Secondary Market Trades ,Oct,2017,0.00,0.00,BSP,,,,
GS Secondary Market Trades ,Nov,2017,0.00,0.00,BSP,,,,
GS Secondary Market Trades ,Dec,2017,0.00,0.00,BSP,,,,
GS Secondary Market Trades ,Jan,2018,114.00,12479139932.52,BSP,,,,
GS Secondary Market Trades ,Feb,2018,140.00,9900209454.09,BSP,,,,
GS Secondary Market Trades ,Mar,2018,99.00,8659799974.20,BSP,,,,
GS Secondary Market Trades ,Apr,2018,226.00,15880300143.21,BSP,,,,
GS Secondary Market Trades ,May,2018,350.00,22951969875.21,BSP,,,,
GS Secondary Market Trades ,Jun,2018,252.00,28277082952.48,BSP,,,,
GS Secondary Market Trades ,Jul,2018,324.00,21379645124.14,BSP,,,,
GS Secondary Market Trades ,Aug,2018,941.00,89669596392.86,BSP,,,,
GS Secondary Market Trades ,Sep,2018,3754.00,234948569972.45,BSP,,,,
GS Secondary Market Trades ,Oct,2018,4937.00,240000000000.00,BSP,,,,
GS Secondary Market Trades ,Nov,2018,4924.00,330000000000.00,BSP,,,,
GS Secondary Market Trades ,Dec,2018,3731.00,360000000000.00,BSP,,,,
GS Secondary Market Trades ,Jan,2019,7625.00,593784921000.00,BSP,,,,
GS Secondary Market Trades ,Feb,2019,5138.00,465592470000.00,BSP,,,,
GS Secondary Market Trades ,Mar,2019,8400.00,879441650000.00,BSP,,,,
GS Secondary Market Trades ,Apr,2019,5944.00,400907530000.00,BSP,,,,
GS Secondary Market Trades ,May,2019,10163.00,689592989000.00,BSP,,,,
GS Public Market Trades,Jan,2016,0.00,0.00,BSP,,,,
GS Public Market Trades,Feb,2016,0.00,0.00,BSP,,,,
GS Public Market Trades,Mar,2016,0.00,0.00,BSP,,,,
GS Public Market Trades,Apr,2016,0.00,0.00,BSP,,,,
GS Public Market Trades,May,2016,0.00,0.00,BSP,,,,
GS Public Market Trades,Jun,2016,0.00,0.00,BSP,,,,
GS Public Market Trades,Jul,2016,0.00,0.00,BSP,,,,
GS Public Market Trades,Aug,2016,0.00,0.00,BSP,,,,
GS Public Market Trades,Sep,2016,0.00,0.00,BSP,,,,
GS Public Market Trades,Oct,2016,0.00,0.00,BSP,,,,
GS Public Market Trades,Nov,2016,0.00,0.00,BSP,,,,
GS Public Market Trades,Dec,2016,0.00,0.00,BSP,,,,
GS Public Market Trades,Jan,2017,0.00,0.00,BSP,,,,
GS Public Market Trades,Feb,2017,0.00,0.00,BSP,,,,
GS Public Market Trades,Mar,2017,0.00,0.00,BSP,,,,
GS Public Market Trades,Apr,2017,0.00,0.00,BSP,,,,
GS Public Market Trades,May,2017,0.00,0.00,BSP,,,,
GS Public Market Trades,Jun,2017,0.00,0.00,BSP,,,,
GS Public Market Trades,Jul,2017,0.00,0.00,BSP,,,,
GS Public Market Trades,Aug,2017,0.00,0.00,BSP,,,,
GS Public Market Trades,Sep,2017,0.00,0.00,BSP,,,,
GS Public Market Trades,Oct,2017,0.00,0.00,BSP,,,,
GS Public Market Trades,Nov,2017,0.00,0.00,BSP,,,,
GS Public Market Trades,Dec,2017,0.00,0.00,BSP,,,,
GS Public Market Trades,Jan,2018,3593.00,161982612728.66,BSP,,,,
GS Public Market Trades,Feb,2018,2509.00,70698677721.63,BSP,,,,
GS Public Market Trades,Mar,2018,2960.00,81992290683.59,BSP,,,,
GS Public Market Trades,Apr,2018,3016.00,66452351369.87,BSP,,,,
GS Public Market Trades,May,2018,4054.00,88380463688.30,BSP,,,,
GS Public Market Trades,Jun,2018,3198.00,56463335143.42,BSP,,,,
GS Public Market Trades,Jul,2018,3587.00,68298845682.59,BSP,,,,
GS Public Market Trades,Aug,2018,3538.00,71932096676.28,BSP,,,,
GS Public Market Trades,Sep,2018,295.00,577759862.17,BSP,,,,
GS Public Market Trades,Oct,2018,331.00,0.00,BSP,,,,
GS Public Market Trades,Nov,2018,170.00,0.00,BSP,,,,
GS Public Market Trades,Dec,2018,118.00,0.00,BSP,,,,
GS Public Market Trades,Jan,2019,257.00,554267000.00,BSP,,,,
GS Public Market Trades,Feb,2019,215.00,434050000.00,BSP,,,,
GS Public Market Trades,Mar,2019,312.00,1111433000.00,BSP,,,,
GS Public Market Trades,Apr,2019,280.00,1008246000.00,BSP,,,,
GS Public Market Trades,May,2019,362.00,4161140000.00,BSP,,,,
Banks' (HO) Withdrawals,Jan,2016,236.00,28685789500.00,BSP,,,,
Banks' (HO) Withdrawals,Feb,2016,289.00,50235455250.00,BSP,,,,
Banks' (HO) Withdrawals,Mar,2016,311.00,57795495750.00,BSP,,,,
Banks' (HO) Withdrawals,Apr,2016,330.00,62158642500.00,BSP,,,,
Banks' (HO) Withdrawals,May,2016,319.00,63987069750.00,BSP,,,,
Banks' (HO) Withdrawals,Jun,2016,305.00,46017451250.00,BSP,,,,
Banks' (HO) Withdrawals,Jul,2016,293.00,49783218250.00,BSP,,,,
Banks' (HO) Withdrawals,Aug,2016,313.00,53196030500.00,BSP,,,,
Banks' (HO) Withdrawals,Sep,2016,307.00,56440342050.00,BSP,,,,
Banks' (HO) Withdrawals,Oct,2016,311.00,65439223050.00,BSP,,,,
Banks' (HO) Withdrawals,Nov,2016,373.00,78033893750.00,BSP,,,,
Banks' (HO) Withdrawals,Dec,2016,426.00,127165226650.00,BSP,,,,
Banks' (HO) Withdrawals,Jan,2017,249.00,34372483500.00,BSP,,,,
Banks' (HO) Withdrawals,Feb,2017,275.00,39779706750.00,BSP,,,,
Banks' (HO) Withdrawals,Mar,2017,335.00,63416537600.00,BSP,,,,
Banks' (HO) Withdrawals,Apr,2017,254.00,63860771000.00,BSP,,,,
Banks' (HO) Withdrawals,May,2017,306.00,61620324750.00,BSP,,,,
Banks' (HO) Withdrawals,Jun,2017,297.00,66139040750.00,BSP,,,,
Banks' (HO) Withdrawals,Jul,2017,307.00,58358237250.00,BSP,,,,
Banks' (HO) Withdrawals,Aug,2017,335.00,66795564150.00,BSP,,,,
Banks' (HO) Withdrawals,Sep,2017,309.00,58130269750.00,BSP,,,,
Banks' (HO) Withdrawals,Oct,2017,350.00,74466270250.00,BSP,,,,
Banks' (HO) Withdrawals,Nov,2017,386.00,82666022850.00,BSP,,,,
Banks' (HO) Withdrawals,Dec,2017,416.00,135349906100.00,BSP,,,,
Banks' (HO) Withdrawals,Jan,2018,338.00,44483015950.00,BSP,,,,
Banks' (HO) Withdrawals,Feb,2018,327.00,56731902000.00,BSP,,,,
Banks' (HO) Withdrawals,Mar,2018,350.00,87548629000.00,BSP,,,,
Banks' (HO) Withdrawals,Apr,2018,347.00,63849588400.00,BSP,,,,
Banks' (HO) Withdrawals,May,2018,375.00,73919407400.00,BSP,,,,
Banks' (HO) Withdrawals,Jun,2018,353.00,65892249500.00,BSP,,,,
Banks' (HO) Withdrawals,Jul,2018,412.00,67192412550.00,BSP,,,,
Banks' (HO) Withdrawals,Aug,2018,401.00,69027642050.00,BSP,,,,
Banks' (HO) Withdrawals,Sep,2018,383.00,71071312650.00,BSP,,,,
Banks' (HO) Withdrawals,Oct,2018,583.00,90000000000.00,BSP,,,,
Banks' (HO) Withdrawals,Nov,2018,764.00,90000000000.00,BSP,,,,
Banks' (HO) Withdrawals,Dec,2018,702.00,140000000000.00,BSP,,,,
Banks' (HO) Withdrawals,Jan,2019,565.00,40385089000.00,BSP,,,,
Banks' (HO) Withdrawals,Feb,2019,475.00,59774542000.00,BSP,,,,
Banks' (HO) Withdrawals,Mar,2019,617.00,72149505000.00,BSP,,,,
Banks' (HO) Withdrawals,Apr,2019,612.00,83678838000.00,BSP,,,,
Banks' (HO) Withdrawals,May,2019,642.00,79313120000.00,BSP,,,,
SDA Maturities,Jan,2016,1899.00,8115665435833.83,BSP,,,,
SDA Maturities,Feb,2016,1935.00,8412335473753.85,BSP,,,,
SDA Maturities,Mar,2016,2058.00,10713729457687.90,BSP,,,,
SDA Maturities,Apr,2016,1886.00,9797025201638.38,BSP,,,,
SDA Maturities,May,2016,2030.00,9702186502889.80,BSP,,,,
SDA Maturities,Jun,2016,2527.00,20806568106661.90,BSP,,,,
SDA Maturities,Jul,2016,2075.00,18123881699071.60,BSP,,,,
SDA Maturities,Aug,2016,2236.00,18095214157652.20,BSP,,,,
SDA Maturities,Sep,2016,2124.00,15808319577444.20,BSP,,,,
SDA Maturities,Oct,2016,2021.00,12762729117661.80,BSP,,,,
SDA Maturities,Nov,2016,1978.00,9928956385512.29,BSP,,,,
SDA Maturities,Dec,2016,1855.00,5829191131060.68,BSP,,,,
SDA Maturities,Jan,2017,0.00,0.00,BSP,,,,
SDA Maturities,Feb,2017,0.00,0.00,BSP,,,,
SDA Maturities,Mar,2017,0.00,0.00,BSP,,,,
SDA Maturities,Apr,2017,0.00,0.00,BSP,,,,
SDA Maturities,May,2017,0.00,0.00,BSP,,,,
SDA Maturities,Jun,2017,0.00,0.00,BSP,,,,
SDA Maturities,Jul,2017,0.00,0.00,BSP,,,,
SDA Maturities,Aug,2017,0.00,0.00,BSP,,,,
SDA Maturities,Sep,2017,0.00,0.00,BSP,,,,
SDA Maturities,Oct,2017,0.00,0.00,BSP,,,,
SDA Maturities,Nov,2017,0.00,0.00,BSP,,,,
SDA Maturities,Dec,2017,0.00,0.00,BSP,,,,
SDA Maturities,Jan,2018,0.00,0.00,BSP,,,,
SDA Maturities,Feb,2018,0.00,0.00,BSP,,,,
SDA Maturities,Mar,2018,0.00,0.00,BSP,,,,
SDA Maturities,Apr,2018,0.00,0.00,BSP,,,,
SDA Maturities,May,2018,0.00,0.00,BSP,,,,
SDA Maturities,Jun,2018,0.00,0.00,BSP,,,,
SDA Maturities,Jul,2018,0.00,0.00,BSP,,,,
SDA Maturities,Aug,2018,0.00,0.00,BSP,,,,
SDA Maturities,Sep,2018,0.00,0.00,BSP,,,,
SDA Maturities,Oct,2018,0.00,0.00,BSP,,,,
SDA Maturities,Nov,2018,0.00,0.00,BSP,,,,
SDA Maturities,Dec,2018,0.00,0.00,BSP,,,,
SDA Maturities,Jan,2019,0.00,0.00,BSP,,,,
SDA Maturities,Feb,2019,0.00,0.00,BSP,,,,
SDA Maturities,Mar,2019,0.00,0.00,BSP,,,,
SDA Maturities,Apr,2019,0.00,0.00,BSP,,,,
SDA Maturities,May,2019,0.00,0.00,BSP,,,,
ODF* Maturities,Jan,2016,0.00,0.00,BSP,,,,
ODF* Maturities,Feb,2016,0.00,0.00,BSP,,,,
ODF* Maturities,Mar,2016,0.00,0.00,BSP,,,,
ODF* Maturities,Apr,2016,0.00,0.00,BSP,,,,
ODF* Maturities,May,2016,0.00,0.00,BSP,,,,
ODF* Maturities,Jun,2016,0.00,0.00,BSP,,,,
ODF* Maturities,Jul,2016,0.00,0.00,BSP,,,,
ODF* Maturities,Aug,2016,0.00,0.00,BSP,,,,
ODF* Maturities,Sep,2016,0.00,0.00,BSP,,,,
ODF* Maturities,Oct,2016,0.00,0.00,BSP,,,,
ODF* Maturities,Nov,2016,0.00,0.00,BSP,,,,
ODF* Maturities,Dec,2016,0.00,0.00,BSP,,,,
ODF* Maturities,Jan,2017,1898.00,4520182307665.75,BSP,,,,
ODF* Maturities,Feb,2017,1691.00,3435551214794.20,BSP,,,,
ODF* Maturities,Mar,2017,1834.00,3309250765649.24,BSP,,,,
ODF* Maturities,Apr,2017,1201.00,2127681717517.18,BSP,,,,
ODF* Maturities,May,2017,1466.00,2177745538286.30,BSP,,,,
ODF* Maturities,Jun,2017,1405.00,2674306249135.15,BSP,,,,
ODF* Maturities,Jul,2017,974.00,1605594409635.12,BSP,,,,
ODF* Maturities,Aug,2017,749.00,1038600898754.69,BSP,,,,
ODF* Maturities,Sep,2017,49.00,172256947003.90,BSP,,,,
ODF* Maturities,Oct,2017,50.00,155640295890.65,BSP,,,,
ODF* Maturities,Nov,2017,37.00,108520117996.22,BSP,,,,
ODF* Maturities,Dec,2017,96.00,410911844792.25,BSP,,,,
ODF* Maturities,Jan,2018,0.00,0.00,BSP,,,,
ODF* Maturities,Feb,2018,0.00,0.00,BSP,,,,
ODF* Maturities,Mar,2018,0.00,0.00,BSP,,,,
ODF* Maturities,Apr,2018,0.00,0.00,BSP,,,,
ODF* Maturities,May,2018,0.00,0.00,BSP,,,,
ODF* Maturities,Jun,2018,0.00,0.00,BSP,,,,
ODF* Maturities,Jul,2018,0.00,0.00,BSP,,,,
ODF* Maturities,Aug,2018,0.00,0.00,BSP,,,,
ODF* Maturities,Sep,2018,0.00,0.00,BSP,,,,
ODF* Maturities,Oct,2018,0.00,0.00,BSP,,,,
ODF* Maturities,Nov,2018,0.00,0.00,BSP,,,,
ODF* Maturities,Dec,2018,0.00,0.00,BSP,,,,
ODF* Maturities,Jan,2019,0.00,0.00,BSP,,,,
ODF* Maturities,Feb,2019,0.00,0.00,BSP,,,,
ODF* Maturities,Mar,2019,0.00,0.00,BSP,,,,
ODF* Maturities,Apr,2019,0.00,0.00,BSP,,,,
ODF* Maturities,May,2019,0.00,0.00,BSP,,,,
Banks' FTD placement/maturities w/ BSP0TD,Jan,2016,0.00,0.00,BSP,,,,
Banks' FTD placement/maturities w/ BSP0TD,Feb,2016,0.00,0.00,BSP,,,,
Banks' FTD placement/maturities w/ BSP0TD,Mar,2016,0.00,0.00,BSP,,,,
Banks' FTD placement/maturities w/ BSP0TD,Apr,2016,0.00,0.00,BSP,,,,
Banks' FTD placement/maturities w/ BSP0TD,May,2016,0.00,0.00,BSP,,,,
Banks' FTD placement/maturities w/ BSP0TD,Jun,2016,0.00,0.00,BSP,,,,
Banks' FTD placement/maturities w/ BSP0TD,Jul,2016,0.00,0.00,BSP,,,,
Banks' FTD placement/maturities w/ BSP0TD,Aug,2016,0.00,0.00,BSP,,,,
Banks' FTD placement/maturities w/ BSP0TD,Sep,2016,0.00,0.00,BSP,,,,
Banks' FTD placement/maturities w/ BSP0TD,Oct,2016,0.00,0.00,BSP,,,,
Banks' FTD placement/maturities w/ BSP0TD,Nov,2016,0.00,0.00,BSP,,,,
Banks' FTD placement/maturities w/ BSP0TD,Dec,2016,0.00,0.00,BSP,,,,
Banks' FTD placement/maturities w/ BSP0TD,Jan,2017,0.00,0.00,BSP,,,,
Banks' FTD placement/maturities w/ BSP0TD,Feb,2017,0.00,0.00,BSP,,,,
Banks' FTD placement/maturities w/ BSP0TD,Mar,2017,0.00,0.00,BSP,,,,
Banks' FTD placement/maturities w/ BSP0TD,Apr,2017,0.00,0.00,BSP,,,,
Banks' FTD placement/maturities w/ BSP0TD,May,2017,0.00,0.00,BSP,,,,
Banks' FTD placement/maturities w/ BSP0TD,Jun,2017,0.00,0.00,BSP,,,,
Banks' FTD placement/maturities w/ BSP0TD,Jul,2017,0.00,0.00,BSP,,,,
Banks' FTD placement/maturities w/ BSP0TD,Aug,2017,0.00,0.00,BSP,,,,
Banks' FTD placement/maturities w/ BSP0TD,Sep,2017,0.00,0.00,BSP,,,,
Banks' FTD placement/maturities w/ BSP0TD,Oct,2017,0.00,0.00,BSP,,,,
Banks' FTD placement/maturities w/ BSP0TD,Nov,2017,0.00,0.00,BSP,,,,
Banks' FTD placement/maturities w/ BSP0TD,Dec,2017,0.00,0.00,BSP,,,,
Banks' FTD placement/maturities w/ BSP0TD,Jan,2018,99.00,186027722249.71,BSP,,,,
Banks' FTD placement/maturities w/ BSP0TD,Feb,2018,76.00,472578503111.83,BSP,,,,
Banks' FTD placement/maturities w/ BSP0TD,Mar,2018,53.00,176031555324.53,BSP,,,,
Banks' FTD placement/maturities w/ BSP0TD,Apr,2018,49.00,126002271136.55,BSP,,,,
Banks' FTD placement/maturities w/ BSP0TD,May,2018,73.00,306836551106.02,BSP,,,,
Banks' FTD placement/maturities w/ BSP0TD,Jun,2018,80.00,434537312499.56,BSP,,,,
Banks' FTD placement/maturities w/ BSP0TD,Jul,2018,90.00,322110329512.10,BSP,,,,
Banks' FTD placement/maturities w/ BSP0TD,Aug,2018,57.00,203128881222.15,BSP,,,,
Banks' FTD placement/maturities w/ BSP0TD,Sep,2018,68.00,165021743083.04,BSP,,,,
Banks' FTD placement/maturities w/ BSP0TD,Oct,2018,118.00,210000000000.00,BSP,,,,
Banks' FTD placement/maturities w/ BSP0TD,Nov,2018,93.00,290000000000.00,BSP,,,,
Banks' FTD placement/maturities w/ BSP0TD,Dec,2018,121.00,620000000000.00,BSP,,,,
Banks' FTD placement/maturities w/ BSP0TD,Jan,2019,74.00,271271466000.00,BSP,,,,
Banks' FTD placement/maturities w/ BSP0TD,Feb,2019,70.00,300941847000.00,BSP,,,,
Banks' FTD placement/maturities w/ BSP0TD,Mar,2019,237.00,1348693845000.00,BSP,,,,
Banks' FTD placement/maturities w/ BSP0TD,Apr,2019,244.00,2731175327000.00,BSP,,,,
Banks' FTD placement/maturities w/ BSP0TD,May,2019,270.00,2316987786000.00,BSP,,,,
RBs' E0rediscounting,Jan,2016,2.00,11253800.00,BSP,,,,
RBs' E0rediscounting,Feb,2016,0.00,0.00,BSP,,,,
RBs' E0rediscounting,Mar,2016,0.00,0.00,BSP,,,,
RBs' E0rediscounting,Apr,2016,0.00,0.00,BSP,,,,
RBs' E0rediscounting,May,2016,1.00,4696900.00,BSP,,,,
RBs' E0rediscounting,Jun,2016,0.00,0.00,BSP,,,,
RBs' E0rediscounting,Jul,2016,0.00,0.00,BSP,,,,
RBs' E0rediscounting,Aug,2016,1.00,15138100.00,BSP,,,,
RBs' E0rediscounting,Sep,2016,3.00,3678400.00,BSP,,,,
RBs' E0rediscounting,Oct,2016,1.00,6240000.00,BSP,,,,
RBs' E0rediscounting,Nov,2016,1.00,2234400.00,BSP,,,,
RBs' E0rediscounting,Dec,2016,7.00,11848800.00,BSP,,,,
RBs' E0rediscounting,Jan,2017,0.00,0.00,BSP,,,,
RBs' E0rediscounting,Feb,2017,0.00,0.00,BSP,,,,
RBs' E0rediscounting,Mar,2017,0.00,0.00,BSP,,,,
RBs' E0rediscounting,Apr,2017,2.00,376800.00,BSP,,,,
RBs' E0rediscounting,May,2017,0.00,0.00,BSP,,,,
RBs' E0rediscounting,Jun,2017,0.00,0.00,BSP,,,,
RBs' E0rediscounting,Jul,2017,0.00,0.00,BSP,,,,
RBs' E0rediscounting,Aug,2017,0.00,0.00,BSP,,,,
RBs' E0rediscounting,Sep,2017,0.00,0.00,BSP,,,,
RBs' E0rediscounting,Oct,2017,0.00,0.00,BSP,,,,
RBs' E0rediscounting,Nov,2017,7.00,11320000.00,BSP,,,,
RBs' E0rediscounting,Dec,2017,1.00,360000.00,BSP,,,,
RBs' E0rediscounting,Jan,2018,0.00,0.00,BSP,,,,
RBs' E0rediscounting,Feb,2018,7.00,10120000.00,BSP,,,,
RBs' E0rediscounting,Mar,2018,1.00,1211100.00,BSP,,,,
RBs' E0rediscounting,Apr,2018,0.00,0.00,BSP,,,,
RBs' E0rediscounting,May,2018,0.00,0.00,BSP,,,,
RBs' E0rediscounting,Jun,2018,0.00,0.00,BSP,,,,
RBs' E0rediscounting,Jul,2018,0.00,0.00,BSP,,,,
RBs' E0rediscounting,Aug,2018,0.00,0.00,BSP,,,,
RBs' E0rediscounting,Sep,2018,4.00,10800000.00,BSP,,,,
RBs' E0rediscounting,Oct,2018,1.00,0.00,BSP,,,,
RBs' E0rediscounting,Nov,2018,1.00,0.00,BSP,,,,
RBs' E0rediscounting,Dec,2018,5.00,0.00,BSP,,,,
RBs' E0rediscounting,Jan,2019,0.00,0.00,BSP,,,,
RBs' E0rediscounting,Feb,2019,0.00,0.00,BSP,,,,
RBs' E0rediscounting,Mar,2019,1.00,1190000.00,BSP,,,,
RBs' E0rediscounting,Apr,2019,0.00,0.00,BSP,,,,
RBs' E0rediscounting,May,2019,1.00,1000000.00,BSP,,,,
Banks' (HO) Deposits,Jan,2016,2528.00,96400314726.80,BSP,,,,
Banks' (HO) Deposits,Feb,2016,2005.00,47079707606.80,BSP,,,,
Banks' (HO) Deposits,Mar,2016,1932.00,47527444748.40,BSP,,,,
Banks' (HO) Deposits,Apr,2016,1769.00,44043574666.80,BSP,,,,
Banks' (HO) Deposits,May,2016,1763.00,55332815264.40,BSP,,,,
Banks' (HO) Deposits,Jun,2016,1862.00,60378488953.20,BSP,,,,
Banks' (HO) Deposits,Jul,2016,1638.00,48325681974.00,BSP,,,,
Banks' (HO) Deposits,Aug,2016,1699.00,53598708120.80,BSP,,,,
Banks' (HO) Deposits,Sep,2016,1661.00,50880652748.00,BSP,,,,
Banks' (HO) Deposits,Oct,2016,1501.00,44451198731.20,BSP,,,,
Banks' (HO) Deposits,Nov,2016,1565.00,56743509852.00,BSP,,,,
Banks' (HO) Deposits,Dec,2016,1508.00,56962775350.40,BSP,,,,
Banks' (HO) Deposits,Jan,2017,2146.00,88573401310.80,BSP,,,,
Banks' (HO) Deposits,Feb,2017,1672.00,45633053104.80,BSP,,,,
Banks' (HO) Deposits,Mar,2017,1692.00,48076839481.60,BSP,,,,
Banks' (HO) Deposits,Apr,2017,1230.00,44735235448.00,BSP,,,,
Banks' (HO) Deposits,May,2017,1530.00,65697020387.60,BSP,,,,
Banks' (HO) Deposits,Jun,2017,1343.00,57830010912.40,BSP,,,,
Banks' (HO) Deposits,Jul,2017,1256.00,55916971403.60,BSP,,,,
Banks' (HO) Deposits,Aug,2017,1284.00,58122536180.00,BSP,,,,
Banks' (HO) Deposits,Sep,2017,1137.00,58346721558.40,BSP,,,,
Banks' (HO) Deposits,Oct,2017,1043.00,50994288581.20,BSP,,,,
Banks' (HO) Deposits,Nov,2017,8273.00,997169632002.21,BSP,,,,
Banks' (HO) Deposits,Dec,2017,9602.00,980057323095.97,BSP,,,,
Banks' (HO) Deposits,Jan,2018,2066.00,95404236141.20,BSP,,,,
Banks' (HO) Deposits,Feb,2018,1291.00,52689179481.20,BSP,,,,
Banks' (HO) Deposits,Mar,2018,1075.00,42744998959.60,BSP,,,,
Banks' (HO) Deposits,Apr,2018,1228.00,67112622846.80,BSP,,,,
Banks' (HO) Deposits,May,2018,1268.00,72468685748.40,BSP,,,,
Banks' (HO) Deposits,Jun,2018,1103.00,68457146369.20,BSP,,,,
Banks' (HO) Deposits,Jul,2018,1205.00,67542983555.60,BSP,,,,
Banks' (HO) Deposits,Aug,2018,1139.00,63847006872.40,BSP,,,,
Banks' (HO) Deposits,Sep,2018,993.00,53015253837.60,BSP,,,,
Banks' (HO) Deposits,Oct,2018,1122.00,60000000000.00,BSP,,,,
Banks' (HO) Deposits,Nov,2018,1081.00,60000000000.00,BSP,,,,
Banks' (HO) Deposits,Dec,2018,732.00,50000000000.00,BSP,,,,
Banks' (HO) Deposits,Jan,2019,1652.00,113957786000.00,BSP,,,,
Banks' (HO) Deposits,Feb,2019,1107.00,54377788000.00,BSP,,,,
Banks' (HO) Deposits,Mar,2019,1052.00,57931146000.00,BSP,,,,
Banks' (HO) Deposits,Apr,2019,993.00,56902717000.00,BSP,,,,
Banks' (HO) Deposits,May,2019,1877.00,74217665000.00,BSP,,,,
Annual Supervisory Fees,Jan,2016,0.00,0.00,BSP,,,,
Annual Supervisory Fees,Feb,2016,0.00,0.00,BSP,,,,
Annual Supervisory Fees,Mar,2016,0.00,0.00,BSP,,,,
Annual Supervisory Fees,Apr,2016,161.00,3992938484.55,BSP,,,,
Annual Supervisory Fees,May,2016,0.00,0.00,BSP,,,,
Annual Supervisory Fees,Jun,2016,0.00,0.00,BSP,,,,
Annual Supervisory Fees,Jul,2016,0.00,0.00,BSP,,,,
Annual Supervisory Fees,Aug,2016,0.00,0.00,BSP,,,,
Annual Supervisory Fees,Sep,2016,0.00,0.00,BSP,,,,
Annual Supervisory Fees,Oct,2016,0.00,0.00,BSP,,,,
Annual Supervisory Fees,Nov,2016,0.00,0.00,BSP,,,,
Annual Supervisory Fees,Dec,2016,0.00,0.00,BSP,,,,
Annual Supervisory Fees,Jan,2017,0.00,0.00,BSP,,,,
Annual Supervisory Fees,Feb,2017,0.00,0.00,BSP,,,,
Annual Supervisory Fees,Mar,2017,0.00,0.00,BSP,,,,
Annual Supervisory Fees,Apr,2017,0.00,0.00,BSP,,,,
Annual Supervisory Fees,May,2017,5.00,46729360.00,BSP,,,,
Annual Supervisory Fees,Jun,2017,4.00,178820.00,BSP,,,,
Annual Supervisory Fees,Jul,2017,103.00,1289191.65,BSP,,,,
Annual Supervisory Fees,Aug,2017,41.00,640518.95,BSP,,,,
Annual Supervisory Fees,Sep,2017,7.00,537513600.79,BSP,,,,
Annual Supervisory Fees,Oct,2017,101.00,80812183.32,BSP,,,,
Annual Supervisory Fees,Nov,2017,55.00,2733298.03,BSP,,,,
Annual Supervisory Fees,Dec,2017,43.00,2453660.00,BSP,,,,
Annual Supervisory Fees,Jan,2018,4.00,234320.00,BSP,,,,
Annual Supervisory Fees,Feb,2018,3.00,11880.00,BSP,,,,
Annual Supervisory Fees,Mar,2018,153.00,30736218.23,BSP,,,,
Annual Supervisory Fees,Apr,2018,220.00,7956192076.78,BSP,,,,
Annual Supervisory Fees,May,2018,71.00,20561547.22,BSP,,,,
Annual Supervisory Fees,Jun,2018,33.00,29600.00,BSP,,,,
Annual Supervisory Fees,Jul,2018,64.00,13421801.60,BSP,,,,
Annual Supervisory Fees,Aug,2018,11.00,264800.00,BSP,,,,
Annual Supervisory Fees,Sep,2018,5.00,77260.00,BSP,,,,
Annual Supervisory Fees,Oct,2018,94.00,0.00,BSP,,,,
Annual Supervisory Fees,Nov,2018,15.00,0.00,BSP,,,,
Annual Supervisory Fees,Dec,2018,3.00,0.00,BSP,,,,
Annual Supervisory Fees,Jan,2019,61.00,3795000.00,BSP,,,,
Annual Supervisory Fees,Feb,2019,24.00,75288000.00,BSP,,,,
Annual Supervisory Fees,Mar,2019,9.00,1736000.00,BSP,,,,
Annual Supervisory Fees,Apr,2019,6.00,1075000.00,BSP,,,,
Annual Supervisory Fees,May,2019,170.00,5462533000.00,BSP,,,,
Interbank Repo,Jan,2016,0.00,0.00,BSP,,,,
Interbank Repo,Feb,2016,0.00,0.00,BSP,,,,
Interbank Repo,Mar,2016,0.00,0.00,BSP,,,,
Interbank Repo,Apr,2016,0.00,0.00,BSP,,,,
Interbank Repo,May,2016,0.00,0.00,BSP,,,,
Interbank Repo,Jun,2016,0.00,0.00,BSP,,,,
Interbank Repo,Jul,2016,0.00,0.00,BSP,,,,
Interbank Repo,Aug,2016,0.00,0.00,BSP,,,,
Interbank Repo,Sep,2016,0.00,0.00,BSP,,,,
Interbank Repo,Oct,2016,0.00,0.00,BSP,,,,
Interbank Repo,Nov,2016,0.00,0.00,BSP,,,,
Interbank Repo,Dec,2016,0.00,0.00,BSP,,,,
Interbank Repo,Jan,2017,0.00,0.00,BSP,,,,
Interbank Repo,Feb,2017,0.00,0.00,BSP,,,,
Interbank Repo,Mar,2017,0.00,0.00,BSP,,,,
Interbank Repo,Apr,2017,0.00,0.00,BSP,,,,
Interbank Repo,May,2017,0.00,0.00,BSP,,,,
Interbank Repo,Jun,2017,0.00,0.00,BSP,,,,
Interbank Repo,Jul,2017,0.00,0.00,BSP,,,,
Interbank Repo,Aug,2017,0.00,0.00,BSP,,,,
Interbank Repo,Sep,2017,0.00,0.00,BSP,,,,
Interbank Repo,Oct,2017,0.00,0.00,BSP,,,,
Interbank Repo,Nov,2017,8.00,945325469.62,BSP,,,,
Interbank Repo,Dec,2017,34.00,46092452614.16,BSP,,,,
Interbank Repo,Jan,2018,18.00,73838002230.35,BSP,,,,
Interbank Repo,Feb,2018,3.00,6070102637.77,BSP,,,,
Interbank Repo,Mar,2018,6.00,26163268121.99,BSP,,,,
Interbank Repo,Apr,2018,13.00,43688617842.48,BSP,,,,
Interbank Repo,May,2018,19.00,61842848466.62,BSP,,,,
Interbank Repo,Jun,2018,8.00,8162506725.72,BSP,,,,
Interbank Repo,Jul,2018,0.00,0.00,BSP,,,,
Interbank Repo,Aug,2018,0.00,0.00,BSP,,,,
Interbank Repo,Sep,2018,0.00,0.00,BSP,,,,
Interbank Repo,Oct,2018,0.00,0.00,BSP,,,,
Interbank Repo,Nov,2018,0.00,0.00,BSP,,,,
Interbank Repo,Dec,2018,2.00,20000000000.00,BSP,,,,
Interbank Repo,Jan,2019,11.00,19443967000.00,BSP,,,,
Interbank Repo,Feb,2019,8.00,2765327000.00,BSP,,,,
Interbank Repo,Mar,2019,24.00,32420735000.00,BSP,,,,
Interbank Repo,Apr,2019,20.00,23561645000.00,BSP,,,,
Interbank Repo,May,2019,22.00,24878494000.00,BSP,,,,
Availment of Intraday Liquidity Facility,Jan,2016,0.00,0.00,3rd Party,,,,
Availment of Intraday Liquidity Facility,Feb,2016,0.00,0.00,3rd Party,,,,
Availment of Intraday Liquidity Facility,Mar,2016,0.00,0.00,3rd Party,,,,
Availment of Intraday Liquidity Facility,Apr,2016,0.00,0.00,3rd Party,,,,
Availment of Intraday Liquidity Facility,May,2016,0.00,0.00,3rd Party,,,,
Availment of Intraday Liquidity Facility,Jun,2016,0.00,0.00,3rd Party,,,,
Availment of Intraday Liquidity Facility,Jul,2016,0.00,0.00,3rd Party,,,,
Availment of Intraday Liquidity Facility,Aug,2016,0.00,0.00,3rd Party,,,,
Availment of Intraday Liquidity Facility,Sep,2016,0.00,0.00,3rd Party,,,,
Availment of Intraday Liquidity Facility,Oct,2016,0.00,0.00,3rd Party,,,,
Availment of Intraday Liquidity Facility,Nov,2016,0.00,0.00,3rd Party,,,,
Availment of Intraday Liquidity Facility,Dec,2016,0.00,0.00,3rd Party,,,,
Availment of Intraday Liquidity Facility,Jan,2017,0.00,0.00,3rd Party,,,,
Availment of Intraday Liquidity Facility,Feb,2017,0.00,0.00,3rd Party,,,,
Availment of Intraday Liquidity Facility,Mar,2017,0.00,0.00,3rd Party,,,,
Availment of Intraday Liquidity Facility,Apr,2017,0.00,0.00,3rd Party,,,,
Availment of Intraday Liquidity Facility,May,2017,0.00,0.00,3rd Party,,,,
Availment of Intraday Liquidity Facility,Jun,2017,0.00,0.00,3rd Party,,,,
Availment of Intraday Liquidity Facility,Jul,2017,0.00,0.00,3rd Party,,,,
Availment of Intraday Liquidity Facility,Aug,2017,0.00,0.00,3rd Party,,,,
Availment of Intraday Liquidity Facility,Sep,2017,0.00,0.00,3rd Party,,,,
Availment of Intraday Liquidity Facility,Oct,2017,0.00,0.00,3rd Party,,,,
Availment of Intraday Liquidity Facility,Nov,2017,0.00,0.00,3rd Party,,,,
Availment of Intraday Liquidity Facility,Dec,2017,0.00,0.00,3rd Party,,,,
Availment of Intraday Liquidity Facility,Jan,2018,0.00,0.00,3rd Party,,,,
Availment of Intraday Liquidity Facility,Feb,2018,0.00,0.00,3rd Party,,,,
Availment of Intraday Liquidity Facility,Mar,2018,0.00,0.00,3rd Party,,,,
Availment of Intraday Liquidity Facility,Apr,2018,0.00,0.00,3rd Party,,,,
Availment of Intraday Liquidity Facility,May,2018,0.00,0.00,3rd Party,,,,
Availment of Intraday Liquidity Facility,Jun,2018,0.00,0.00,3rd Party,,,,
Availment of Intraday Liquidity Facility,Jul,2018,0.00,0.00,3rd Party,,,,
Availment of Intraday Liquidity Facility,Aug,2018,0.00,0.00,3rd Party,,,,
Availment of Intraday Liquidity Facility,Sep,2018,0.00,0.00,3rd Party,,,,
Availment of Intraday Liquidity Facility,Oct,2018,0.00,0.00,3rd Party,,,,
Availment of Intraday Liquidity Facility,Nov,2018,0.00,0.00,3rd Party,,,,
Availment of Intraday Liquidity Facility,Dec,2018,0.00,0.00,3rd Party,,,,
Availment of Intraday Liquidity Facility,Jan,2019,0.00,0.00,3rd Party,,,,
Availment of Intraday Liquidity Facility,Feb,2019,0.00,0.00,3rd Party,,,,
Availment of Intraday Liquidity Facility,Mar,2019,0.00,0.00,3rd Party,,,,
Availment of Intraday Liquidity Facility,Apr,2019,0.00,0.00,3rd Party,,,,
Availment of Intraday Liquidity Facility,May,2019,0.00,0.00,3rd Party,,,,
OF Remittances via PhilPaSS REMIT,Jan,2016,38581.00,1693304562.38,3rd Party,,,,
OF Remittances via PhilPaSS REMIT,Feb,2016,42041.00,1856172818.05,3rd Party,,,,
OF Remittances via PhilPaSS REMIT,Mar,2016,45702.00,2010339920.12,3rd Party,,,,
OF Remittances via PhilPaSS REMIT,Apr,2016,46859.00,2163105865.18,3rd Party,,,,
OF Remittances via PhilPaSS REMIT,May,2016,53190.00,2395472832.80,3rd Party,,,,
OF Remittances via PhilPaSS REMIT,Jun,2016,51686.00,2309624936.38,3rd Party,,,,
OF Remittances via PhilPaSS REMIT,Jul,2016,49577.00,2203579504.79,3rd Party,,,,
OF Remittances via PhilPaSS REMIT,Aug,2016,50733.00,2184672289.57,3rd Party,,,,
OF Remittances via PhilPaSS REMIT,Sep,2016,53126.00,2314614402.06,3rd Party,,,,
OF Remittances via PhilPaSS REMIT,Oct,2016,49191.00,2099245096.57,3rd Party,,,,
OF Remittances via PhilPaSS REMIT,Nov,2016,51686.00,2290493116.65,3rd Party,,,,
OF Remittances via PhilPaSS REMIT,Dec,2016,59619.00,2665368654.39,3rd Party,,,,
OF Remittances via PhilPaSS REMIT,Jan,2017,48855.00,2190959790.50,3rd Party,,,,
OF Remittances via PhilPaSS REMIT,Feb,2017,49681.00,2241172451.76,3rd Party,,,,
OF Remittances via PhilPaSS REMIT,Mar,2017,59660.00,2755073016.84,3rd Party,,,,
OF Remittances via PhilPaSS REMIT,Apr,2017,47176.00,1981786926.86,3rd Party,,,,
OF Remittances via PhilPaSS REMIT,May,2017,63855.00,2876797016.51,3rd Party,,,,
OF Remittances via PhilPaSS REMIT,Jun,2017,57658.00,2639541750.66,3rd Party,,,,
OF Remittances via PhilPaSS REMIT,Jul,2017,83053.00,3024699441.35,3rd Party,,,,
OF Remittances via PhilPaSS REMIT,Aug,2017,86675.00,3056631986.84,3rd Party,,,,
OF Remittances via PhilPaSS REMIT,Sep,2017,78372.00,2970632906.68,3rd Party,,,,
OF Remittances via PhilPaSS REMIT,Oct,2017,83829.00,3005669078.15,3rd Party,,,,
OF Remittances via PhilPaSS REMIT,Nov,2017,89757.00,3097752911.00,3rd Party,,,,
OF Remittances via PhilPaSS REMIT,Dec,2017,102666.00,3422982553.69,3rd Party,,,,
OF Remittances via PhilPaSS REMIT,Jan,2018,95069.00,3170384659.61,3rd Party,,,,
OF Remittances via PhilPaSS REMIT,Feb,2018,88060.00,2927557553.09,3rd Party,,,,
OF Remittances via PhilPaSS REMIT,Mar,2018,85837.00,2939872786.09,3rd Party,,,,
OF Remittances via PhilPaSS REMIT,Apr,2018,109096.00,3514338180.92,3rd Party,,,,
OF Remittances via PhilPaSS REMIT,May,2018,115398.00,3701715248.93,3rd Party,,,,
OF Remittances via PhilPaSS REMIT,Jun,2018,108262.00,3480553744.42,3rd Party,,,,
OF Remittances via PhilPaSS REMIT,Jul,2018,42.00,1396757.45,3rd Party,,,,
OF Remittances via PhilPaSS REMIT,Aug,2018,0.00,0.00,3rd Party,,,,
OF Remittances via PhilPaSS REMIT,Sep,2018,0.00,0.00,3rd Party,,,,
OF Remittances via PhilPaSS REMIT,Oct,2018,0.00,0.00,3rd Party,,,,
OF Remittances via PhilPaSS REMIT,Nov,2018,0.00,0.00,3rd Party,,,,
OF Remittances via PhilPaSS REMIT,Dec,2018,0.00,0.00,3rd Party,,,,
OF Remittances via PhilPaSS REMIT,Jan,2019,0.00,0.00,3rd Party,,,,
OF Remittances via PhilPaSS REMIT,Feb,2019,0.00,0.00,3rd Party,,,,
OF Remittances via PhilPaSS REMIT,Mar,2019,0.00,0.00,3rd Party,,,,
OF Remittances via PhilPaSS REMIT,Apr,2019,0.00,0.00,3rd Party,,,,
OF Remittances via PhilPaSS REMIT,May,2019,0.00,0.00,3rd Party,,,,
BSP Pymts via Checkless Payment System,Jan,2016,312.00,297730430.41,BSP,,,,
BSP Pymts via Checkless Payment System,Feb,2016,533.00,353842683.45,BSP,,,,
BSP Pymts via Checkless Payment System,Mar,2016,439.00,522136238.96,BSP,,,,
BSP Pymts via Checkless Payment System,Apr,2016,462.00,346694217.79,BSP,,,,
BSP Pymts via Checkless Payment System,May,2016,439.00,272223497.37,BSP,,,,
BSP Pymts via Checkless Payment System,Jun,2016,446.00,291688292.55,BSP,,,,
BSP Pymts via Checkless Payment System,Jul,2016,449.00,286236119.42,BSP,,,,
BSP Pymts via Checkless Payment System,Aug,2016,538.00,286668661.40,BSP,,,,
BSP Pymts via Checkless Payment System,Sep,2016,468.00,462304332.76,BSP,,,,
BSP Pymts via Checkless Payment System,Oct,2016,525.00,437284782.68,BSP,,,,
BSP Pymts via Checkless Payment System,Nov,2016,437.00,271045132.98,BSP,,,,
BSP Pymts via Checkless Payment System,Dec,2016,502.00,561306174.50,BSP,,,,
BSP Pymts via Checkless Payment System,Jan,2017,316.00,212871978.54,BSP,,,,
BSP Pymts via Checkless Payment System,Feb,2017,503.00,569788739.19,BSP,,,,
BSP Pymts via Checkless Payment System,Mar,2017,558.00,583787183.20,BSP,,,,
BSP Pymts via Checkless Payment System,Apr,2017,342.00,358857479.22,BSP,,,,
BSP Pymts via Checkless Payment System,May,2017,466.00,499393521.59,BSP,,,,
BSP Pymts via Checkless Payment System,Jun,2017,481.00,448361370.91,BSP,,,,
BSP Pymts via Checkless Payment System,Jul,2017,498.00,315054454.78,BSP,,,,
BSP Pymts via Checkless Payment System,Aug,2017,434.00,374664312.39,BSP,,,,
BSP Pymts via Checkless Payment System,Sep,2017,454.00,306441620.19,BSP,,,,
BSP Pymts via Checkless Payment System,Oct,2017,447.00,411478561.78,BSP,,,,
BSP Pymts via Checkless Payment System,Nov,2017,414.00,389838965.32,BSP,,,,
BSP Pymts via Checkless Payment System,Dec,2017,470.00,465020709.69,BSP,,,,
BSP Pymts via Checkless Payment System,Jan,2018,0.00,0.00,BSP,,,,
BSP Pymts via Checkless Payment System,Feb,2018,0.00,0.00,BSP,,,,
BSP Pymts via Checkless Payment System,Mar,2018,0.00,0.00,BSP,,,,
BSP Pymts via Checkless Payment System,Apr,2018,0.00,0.00,BSP,,,,
BSP Pymts via Checkless Payment System,May,2018,0.00,0.00,BSP,,,,
BSP Pymts via Checkless Payment System,Jun,2018,0.00,0.00,BSP,,,,
BSP Pymts via Checkless Payment System,Jul,2018,0.00,0.00,BSP,,,,
BSP Pymts via Checkless Payment System,Aug,2018,0.00,0.00,BSP,,,,
BSP Pymts via Checkless Payment System,Sep,2018,0.00,0.00,BSP,,,,
BSP Pymts via Checkless Payment System,Oct,2018,0.00,0.00,BSP,,,,
BSP Pymts via Checkless Payment System,Nov,2018,0.00,0.00,BSP,,,,
BSP Pymts via Checkless Payment System,Dec,2018,0.00,0.00,BSP,,,,
BSP Pymts via Checkless Payment System,Jan,2019,0.00,0.00,BSP,,,,
BSP Pymts via Checkless Payment System,Feb,2019,0.00,0.00,BSP,,,,
BSP Pymts via Checkless Payment System,Mar,2019,0.00,0.00,BSP,,,,
BSP Pymts via Checkless Payment System,Apr,2019,0.00,0.00,BSP,,,,
BSP Pymts via Checkless Payment System,May,2019,0.00,0.00,BSP,,,,
BSP0FAD Pymts via Checkless Pymt System,Jan,2016,0.00,0.00,BSP,,,,
BSP0FAD Pymts via Checkless Pymt System,Feb,2016,0.00,0.00,BSP,,,,
BSP0FAD Pymts via Checkless Pymt System,Mar,2016,0.00,0.00,BSP,,,,
BSP0FAD Pymts via Checkless Pymt System,Apr,2016,0.00,0.00,BSP,,,,
BSP0FAD Pymts via Checkless Pymt System,May,2016,0.00,0.00,BSP,,,,
BSP0FAD Pymts via Checkless Pymt System,Jun,2016,0.00,0.00,BSP,,,,
BSP0FAD Pymts via Checkless Pymt System,Jul,2016,0.00,0.00,BSP,,,,
BSP0FAD Pymts via Checkless Pymt System,Aug,2016,0.00,0.00,BSP,,,,
BSP0FAD Pymts via Checkless Pymt System,Sep,2016,0.00,0.00,BSP,,,,
BSP0FAD Pymts via Checkless Pymt System,Oct,2016,0.00,0.00,BSP,,,,
BSP0FAD Pymts via Checkless Pymt System,Nov,2016,0.00,0.00,BSP,,,,
BSP0FAD Pymts via Checkless Pymt System,Dec,2016,0.00,0.00,BSP,,,,
BSP0FAD Pymts via Checkless Pymt System,Jan,2017,0.00,0.00,BSP,,,,
BSP0FAD Pymts via Checkless Pymt System,Feb,2017,0.00,0.00,BSP,,,,
BSP0FAD Pymts via Checkless Pymt System,Mar,2017,0.00,0.00,BSP,,,,
BSP0FAD Pymts via Checkless Pymt System,Apr,2017,0.00,0.00,BSP,,,,
BSP0FAD Pymts via Checkless Pymt System,May,2017,0.00,0.00,BSP,,,,
BSP0FAD Pymts via Checkless Pymt System,Jun,2017,0.00,0.00,BSP,,,,
BSP0FAD Pymts via Checkless Pymt System,Jul,2017,0.00,0.00,BSP,,,,
BSP0FAD Pymts via Checkless Pymt System,Aug,2017,0.00,0.00,BSP,,,,
BSP0FAD Pymts via Checkless Pymt System,Sep,2017,0.00,0.00,BSP,,,,
BSP0FAD Pymts via Checkless Pymt System,Oct,2017,0.00,0.00,BSP,,,,
BSP0FAD Pymts via Checkless Pymt System,Nov,2017,0.00,0.00,BSP,,,,
BSP0FAD Pymts via Checkless Pymt System,Dec,2017,0.00,0.00,BSP,,,,
BSP0SPC Pymts via Checkless Pymt System,Jan,2018,2.00,311956.87,BSP,,,,
BSP0SPC Pymts via Checkless Pymt System,Feb,2018,1.00,528791.72,BSP,,,,
BSP0SPC Pymts via Checkless Pymt System,Mar,2018,3.00,170207.40,BSP,,,,
BSP0SPC Pymts via Checkless Pymt System,Apr,2018,0.00,0.00,BSP,,,,
BSP0SPC Pymts via Checkless Pymt System,May,2018,2.00,26333.38,BSP,,,,
BSP0SPC Pymts via Checkless Pymt System,Jun,2018,0.00,0.00,BSP,,,,
BSP0SPC Pymts via Checkless Pymt System,Jul,2018,0.00,0.00,BSP,,,,
BSP0SPC Pymts via Checkless Pymt System,Aug,2018,0.00,0.00,BSP,,,,
BSP0SPC Pymts via Checkless Pymt System,Sep,2018,0.00,0.00,BSP,,,,
BSP0SPC Pymts via Checkless Pymt System,Oct,2018,0.00,0.00,BSP,,,,
BSP0SPC Pymts via Checkless Pymt System,Nov,2018,0.00,0.00,BSP,,,,
BSP0SPC Pymts via Checkless Pymt System,Dec,2018,1.00,0.00,BSP,,,,
BSP0SPC Pymts via Checkless Pymt System,Jan,2019,3.00,0.49,BSP,,,,
BSP0SPC Pymts via Checkless Pymt System,Feb,2019,2.00,0.06,BSP,,,,
BSP0SPC Pymts via Checkless Pymt System,Mar,2019,0.00,0.00,BSP,,,,
BSP0SPC Pymts via Checkless Pymt System,Apr,2019,0.00,0.00,BSP,,,,
BSP0SPC Pymts via Checkless Pymt System,May,2019,0.00,0.00,BSP,,,,
,,,,,,,,,
BSP0Regional Pymts via Checkless Pymt System,Jan,2016,0.00,0.00,BSP,,,,
BSP0Regional Pymts via Checkless Pymt System,Feb,2016,0.00,0.00,BSP,,,,
BSP0Regional Pymts via Checkless Pymt System,Mar,2016,0.00,0.00,BSP,,,,
BSP0Regional Pymts via Checkless Pymt System,Apr,2016,0.00,0.00,BSP,,,,
BSP0Regional Pymts via Checkless Pymt System,May,2016,0.00,0.00,BSP,,,,
BSP0Regional Pymts via Checkless Pymt System,Jun,2016,0.00,0.00,BSP,,,,
BSP0Regional Pymts via Checkless Pymt System,Jul,2016,0.00,0.00,BSP,,,,
BSP0Regional Pymts via Checkless Pymt System,Aug,2016,0.00,0.00,BSP,,,,
BSP0Regional Pymts via Checkless Pymt System,Sep,2016,0.00,0.00,BSP,,,,
BSP0Regional Pymts via Checkless Pymt System,Oct,2016,0.00,0.00,BSP,,,,
BSP0Regional Pymts via Checkless Pymt System,Nov,2016,0.00,0.00,BSP,,,,
BSP0Regional Pymts via Checkless Pymt System,Dec,2016,0.00,0.00,BSP,,,,
BSP0Regional Pymts via Checkless Pymt System,Jan,2017,0.00,0.00,BSP,,,,
BSP0Regional Pymts via Checkless Pymt System,Feb,2017,0.00,0.00,BSP,,,,
BSP0Regional Pymts via Checkless Pymt System,Mar,2017,0.00,0.00,BSP,,,,
BSP0Regional Pymts via Checkless Pymt System,Apr,2017,0.00,0.00,BSP,,,,
BSP0Regional Pymts via Checkless Pymt System,May,2017,0.00,0.00,BSP,,,,
BSP0Regional Pymts via Checkless Pymt System,Jun,2017,0.00,0.00,BSP,,,,
BSP0Regional Pymts via Checkless Pymt System,Jul,2017,0.00,0.00,BSP,,,,
BSP0Regional Pymts via Checkless Pymt System,Aug,2017,0.00,0.00,BSP,,,,
BSP0Regional Pymts via Checkless Pymt System,Sep,2017,0.00,0.00,BSP,,,,
BSP0Regional Pymts via Checkless Pymt System,Oct,2017,0.00,0.00,BSP,,,,
BSP0Regional Pymts via Checkless Pymt System,Nov,2017,0.00,0.00,BSP,,,,
BSP0Regional Pymts via Checkless Pymt System,Dec,2017,0.00,0.00,BSP,,,,
BSP0Regional Pymts via Checkless Pymt System,Jan,2018,0.00,0.00,BSP,,,,
BSP0Regional Pymts via Checkless Pymt System,Feb,2018,0.00,0.00,BSP,,,,
BSP0Regional Pymts via Checkless Pymt System,Mar,2018,1.00,16450.40,BSP,,,,
BSP0Regional Pymts via Checkless Pymt System,Apr,2018,1.00,97934.71,BSP,,,,
BSP0Regional Pymts via Checkless Pymt System,May,2018,0.00,0.00,BSP,,,,
BSP0Regional Pymts via Checkless Pymt System,Jun,2018,0.00,0.00,BSP,,,,
BSP0Regional Pymts via Checkless Pymt System,Jul,2018,0.00,0.00,BSP,,,,
BSP0Regional Pymts via Checkless Pymt System,Aug,2018,1.00,42497.03,BSP,,,,
BSP0Regional Pymts via Checkless Pymt System,Sep,2018,0.00,0.00,BSP,,,,
BSP0Regional Pymts via Checkless Pymt System,Oct,2018,0.00,0.00,BSP,,,,
BSP0Regional Pymts via Checkless Pymt System,Nov,2018,0.00,0.00,BSP,,,,
BSP0Regional Pymts via Checkless Pymt System,Dec,2018,0.00,0.00,BSP,,,,
BSP0Regional Pymts via Checkless Pymt System,Jan,2019,0.00,0.00,BSP,,,,
BSP0Regional Pymts via Checkless Pymt System,Feb,2019,0.00,0.00,BSP,,,,
BSP0Regional Pymts via Checkless Pymt System,Mar,2019,0.00,0.00,BSP,,,,
BSP0Regional Pymts via Checkless Pymt System,Apr,2019,0.00,0.00,BSP,,,,
BSP0Regional Pymts via Checkless Pymt System,May,2019,0.00,0.00,BSP,,,,
,,,,,,,,,
FX Loan Application/Registration Fees,Jan,2016,0.00,0.00,3rd Party,,,,
FX Loan Application/Registration Fees,Feb,2016,0.00,0.00,3rd Party,,,,
FX Loan Application/Registration Fees,Mar,2016,1.00,47100.00,3rd Party,,,,
FX Loan Application/Registration Fees,Apr,2016,1.00,18440.00,3rd Party,,,,
FX Loan Application/Registration Fees,May,2016,2.00,63700.00,3rd Party,,,,
FX Loan Application/Registration Fees,Jun,2016,10.00,519420.00,3rd Party,,,,
FX Loan Application/Registration Fees,Jul,2016,1.00,28380.00,3rd Party,,,,
FX Loan Application/Registration Fees,Aug,2016,0.00,0.00,3rd Party,,,,
FX Loan Application/Registration Fees,Sep,2016,8.00,741617.22,3rd Party,,,,
FX Loan Application/Registration Fees,Oct,2016,1.00,19280.00,3rd Party,,,,
FX Loan Application/Registration Fees,Nov,2016,0.00,0.00,3rd Party,,,,
FX Loan Application/Registration Fees,Dec,2016,1.00,560000.00,3rd Party,,,,
FX Loan Application/Registration Fees,Jan,2017,0.00,0.00,3rd Party,,,,
FX Loan Application/Registration Fees,Feb,2017,0.00,0.00,3rd Party,,,,
FX Loan Application/Registration Fees,Mar,2017,0.00,0.00,3rd Party,,,,
FX Loan Application/Registration Fees,Apr,2017,3.00,3822394.78,3rd Party,,,,
FX Loan Application/Registration Fees,May,2017,1.00,35820.00,3rd Party,,,,
FX Loan Application/Registration Fees,Jun,2017,1.00,39880.00,3rd Party,,,,
FX Loan Application/Registration Fees,Jul,2017,1.00,149000.01,3rd Party,,,,
FX Loan Application/Registration Fees,Aug,2017,0.00,0.00,3rd Party,,,,
FX Loan Application/Registration Fees,Sep,2017,4.00,325428.73,3rd Party,,,,
FX Loan Application/Registration Fees,Oct,2017,2.00,40940.00,3rd Party,,,,
FX Loan Application/Registration Fees,Nov,2017,2.00,497716.99,3rd Party,,,,
FX Loan Application/Registration Fees,Dec,2017,0.00,0.00,3rd Party,,,,
FX Loan Application/Registration Fees,Jan,2017,0.00,0.00,3rd Party,,,,
FX Loan Application/Registration Fees,Feb,2017,0.00,0.00,3rd Party,,,,
FX Loan Application/Registration Fees,Mar,2017,0.00,0.00,3rd Party,,,,
FX Loan Application/Registration Fees,Apr,2017,0.00,0.00,3rd Party,,,,
FX Loan Application/Registration Fees,May,2017,0.00,0.00,3rd Party,,,,
FX Loan Application/Registration Fees,Jun,2017,0.00,0.00,3rd Party,,,,
FX Loan Application/Registration Fees,Jul,2017,0.00,0.00,3rd Party,,,,
FX Loan Application/Registration Fees,Aug,2016,0.00,0.00,3rd Party,,,,
FX Loan Application/Registration Fees,Sep,2016,0.00,0.00,3rd Party,,,,
FX Loan Application/Registration Fees,Oct,2016,0.00,0.00,3rd Party,,,,
FX Loan Application/Registration Fees,Nov,2016,0.00,0.00,3rd Party,,,,
FX Loan Application/Registration Fees,Dec,2016,0.00,0.00,3rd Party,,,,
FX Loan Application/Registration Fees,Jan,2016,0.00,0.00,3rd Party,,,,
FX Loan Application/Registration Fees,Feb,2016,0.00,0.00,3rd Party,,,,
FX Loan Application/Registration Fees,Mar,2016,0.00,0.00,3rd Party,,,,
FX Loan Application/Registration Fees,Apr,2016,0.00,0.00,3rd Party,,,,
FX Loan Application/Registration Fees,May,2016,0.00,0.00,3rd Party,,,,
,,,,,,,,,
Banks' (Regional) Withdawals,Jan,2016,678.00,21187011500.00,BSP,,,,
Banks' (Regional) Withdawals,Feb,2016,1043.00,34713228600.00,BSP,,,,
Banks' (Regional) Withdawals,Mar,2016,1569.00,57935270350.00,BSP,,,,
Banks' (Regional) Withdawals,Apr,2016,1743.00,53854491150.00,BSP,,,,
Banks' (Regional) Withdawals,May,2016,1218.00,47295154350.00,BSP,,,,
Banks' (Regional) Withdawals,Jun,2016,858.00,30570609750.00,BSP,,,,
Banks' (Regional) Withdawals,Jul,2016,998.00,34639508300.00,BSP,,,,
Banks' (Regional) Withdawals,Aug,2016,1112.00,38585305975.00,BSP,,,,
Banks' (Regional) Withdawals,Sep,2016,1269.00,48429795800.00,BSP,,,,
Banks' (Regional) Withdawals,Oct,2016,1155.00,44622468353.00,BSP,,,,
Banks' (Regional) Withdawals,Nov,2016,1348.00,56136264560.00,BSP,,,,
Banks' (Regional) Withdawals,Dec,2016,2114.00,87287206105.00,BSP,,,,
Banks' (Regional) Withdawals,Jan,2017,663.00,24749758155.00,BSP,,,,
Banks' (Regional) Withdawals,Feb,2017,925.00,33840374060.00,BSP,,,,
Banks' (Regional) Withdawals,Mar,2017,1410.00,59596851980.00,BSP,,,,
Banks' (Regional) Withdawals,Apr,2017,1072.00,45709468460.00,BSP,,,,
Banks' (Regional) Withdawals,May,2017,1273.00,53413168677.50,BSP,,,,
Banks' (Regional) Withdawals,Jun,2017,1153.00,43949470485.00,BSP,,,,
Banks' (Regional) Withdawals,Jul,2017,1062.00,43692539010.00,BSP,,,,
Banks' (Regional) Withdawals,Aug,2017,1233.00,51722343300.00,BSP,,,,
Banks' (Regional) Withdawals,Sep,2017,1134.00,49559655205.00,BSP,,,,
Banks' (Regional) Withdawals,Oct,2017,1225.00,54639453530.00,BSP,,,,
Banks' (Regional) Withdawals,Nov,2017,1407.00,68444086775.00,BSP,,,,
Banks' (Regional) Withdawals,Dec,2017,2007.00,98244129350.00,BSP,,,,
Banks' (Regional) Withdawals,Jan,2018,825.00,34251153655.00,BSP,,,,
Banks' (Regional) Withdawals,Feb,2018,1048.00,45802559565.00,BSP,,,,
Banks' (Regional) Withdawals,Mar,2018,1526.00,71412334025.00,BSP,,,,
Banks' (Regional) Withdawals,Apr,2018,1477.00,59611594915.00,BSP,,,,
Banks' (Regional) Withdawals,May,2018,1693.00,70123870330.00,BSP,,,,
Banks' (Regional) Withdawals,Jun,2018,1132.00,48324746050.00,BSP,,,,
Banks' (Regional) Withdawals,Jul,2018,1234.00,54035382875.00,BSP,,,,
Banks' (Regional) Withdawals,Aug,2018,1405.00,58918790320.00,BSP,,,,
Banks' (Regional) Withdawals,Sep,2018,1320.00,56226678700.00,BSP,,,,
Banks' (Regional) Withdawals,Oct,2018,1709.00,80000000000.00,BSP,,,,
Banks' (Regional) Withdawals,Nov,2018,1544.00,80000000000.00,BSP,,,,
Banks' (Regional) Withdawals,Dec,2018,2173.00,110000000000.00,BSP,,,,
Banks' (Regional) Withdawals,Jan,2019,921.00,36757797000.00,BSP,,,,
Banks' (Regional) Withdawals,Feb,2019,1158.00,52333524000.00,BSP,,,,
Banks' (Regional) Withdawals,Mar,2019,1563.00,69194433000.00,BSP,,,,
Banks' (Regional) Withdawals,Apr,2019,1783.00,79045744000.00,BSP,,,,
Banks' (Regional) Withdawals,May,2019,1540.00,71829803000.00,BSP,,,,
,,,,,,,,,
 Regional Checkless ,Jan,2016,0.00,0.00,BSP,,,,
 Regional Checkless ,Feb,2016,0.00,0.00,BSP,,,,
 Regional Checkless ,Mar,2016,0.00,0.00,BSP,,,,
 Regional Checkless ,Apr,2016,0.00,0.00,BSP,,,,
 Regional Checkless ,May,2016,0.00,0.00,BSP,,,,
 Regional Checkless ,Jun,2016,0.00,0.00,BSP,,,,
 Regional Checkless ,Jul,2016,0.00,0.00,BSP,,,,
 Regional Checkless ,Aug,2016,0.00,0.00,BSP,,,,
 Regional Checkless ,Sep,2016,0.00,0.00,BSP,,,,
 Regional Checkless ,Oct,2016,0.00,0.00,BSP,,,,
 Regional Checkless ,Nov,2016,0.00,0.00,BSP,,,,
 Regional Checkless ,Dec,2016,0.00,0.00,BSP,,,,
 Regional Checkless ,Jan,2017,0.00,0.00,BSP,,,,
 Regional Checkless ,Feb,2017,0.00,0.00,BSP,,,,
 Regional Checkless ,Mar,2017,0.00,0.00,BSP,,,,
 Regional Checkless ,Apr,2017,0.00,0.00,BSP,,,,
 Regional Checkless ,May,2017,0.00,0.00,BSP,,,,
 Regional Checkless ,Jun,2017,0.00,0.00,BSP,,,,
 Regional Checkless ,Jul,2017,0.00,0.00,BSP,,,,
 Regional Checkless ,Aug,2017,0.00,0.00,BSP,,,,
 Regional Checkless ,Sep,2017,0.00,0.00,BSP,,,,
 Regional Checkless ,Oct,2017,0.00,0.00,BSP,,,,
 Regional Checkless ,Nov,2017,0.00,0.00,BSP,,,,
 Regional Checkless ,Dec,2017,0.00,0.00,BSP,,,,
 Regional Checkless ,Jan,2018,0.00,0.00,BSP,,,,
 Regional Checkless ,Feb,2018,0.00,0.00,BSP,,,,
 Regional Checkless ,Mar,2018,0.00,0.00,BSP,,,,
 Regional Checkless ,Apr,2018,0.00,0.00,BSP,,,,
 Regional Checkless ,May,2018,0.00,0.00,BSP,,,,
 Regional Checkless ,Jun,2018,0.00,0.00,BSP,,,,
 Regional Checkless ,Jul,2018,0.00,0.00,BSP,,,,
 Regional Checkless ,Aug,2018,0.00,0.00,BSP,,,,
 Regional Checkless ,Sep,2018,0.00,0.00,BSP,,,,
 Regional Checkless ,Oct,2018,0.00,0.00,BSP,,,,
 Regional Checkless ,Nov,2018,0.00,0.00,BSP,,,,
 Regional Checkless ,Dec,2018,3.00,0.00,BSP,,,,
 Regional Checkless ,Jan,2019,1.00,0.00,BSP,,,,
 Regional Checkless ,Feb,2019,1.00,16000.00,BSP,,,,
 Regional Checkless ,Mar,2019,0.00,0.00,BSP,,,,
 Regional Checkless ,Apr,2019,0.00,0.00,BSP,,,,
 Regional Checkless ,May,2019,2.00,60000.00,BSP,,,,
,,,,,,,,,
RRP/RP Placements/Maturities,Jan,2016,164.00,777863165249.99,BSP,,,,
RRP/RP Placements/Maturities,Feb,2016,252.00,1119899113166.57,BSP,,,,
RRP/RP Placements/Maturities,Mar,2016,510.00,2942278707166.65,BSP,,,,
RRP/RP Placements/Maturities,Apr,2016,716.00,4054345275999.94,BSP,,,,
RRP/RP Placements/Maturities,May,2016,597.00,4854576822166.54,BSP,,,,
RRP/RP Placements/Maturities,Jun,2016,3161.00,13560377408886.50,BSP,,,,
RRP/RP Placements/Maturities,Jul,2016,3259.00,12520685877081.30,BSP,,,,
RRP/RP Placements/Maturities,Aug,2016,3665.00,14060968526466.20,BSP,,,,
RRP/RP Placements/Maturities,Sep,2016,3335.00,13469845360181.10,BSP,,,,
RRP/RP Placements/Maturities,Oct,2016,3327.00,13000933910246.20,BSP,,,,
RRP/RP Placements/Maturities,Nov,2016,3400.00,13165232945318.50,BSP,,,,
RRP/RP Placements/Maturities,Dec,2016,3690.00,13706472509334.10,BSP,,,,
RRP/RP Placements/Maturities,Jan,2017,0.00,0.00,BSP,,,,
RRP/RP Placements/Maturities,Feb,2017,0.00,0.00,BSP,,,,
RRP/RP Placements/Maturities,Mar,2017,0.00,0.00,BSP,,,,
RRP/RP Placements/Maturities,Apr,2017,0.00,0.00,BSP,,,,
RRP/RP Placements/Maturities,May,2017,0.00,0.00,BSP,,,,
RRP/RP Placements/Maturities,Jun,2017,0.00,0.00,BSP,,,,
RRP/RP Placements/Maturities,Jul,2017,0.00,0.00,BSP,,,,
RRP/RP Placements/Maturities,Aug,2017,0.00,0.00,BSP,,,,
RRP/RP Placements/Maturities,Sep,2017,0.00,0.00,BSP,,,,
RRP/RP Placements/Maturities,Oct,2017,0.00,0.00,BSP,,,,
RRP/RP Placements/Maturities,Nov,2017,0.00,0.00,BSP,,,,
RRP/RP Placements/Maturities,Dec,2017,0.00,0.00,BSP,,,,
RRP/RP Placements/Maturities,Jan,2018,0.00,0.00,BSP,,,,
RRP/RP Placements/Maturities,Feb,2018,0.00,0.00,BSP,,,,
RRP/RP Placements/Maturities,Mar,2018,0.00,0.00,BSP,,,,
RRP/RP Placements/Maturities,Apr,2018,0.00,0.00,BSP,,,,
RRP/RP Placements/Maturities,May,2018,0.00,0.00,BSP,,,,
RRP/RP Placements/Maturities,Jun,2018,0.00,0.00,BSP,,,,
RRP/RP Placements/Maturities,Jul,2018,0.00,0.00,BSP,,,,
RRP/RP Placements/Maturities,Aug,2018,0.00,0.00,BSP,,,,
RRP/RP Placements/Maturities,Sep,2018,0.00,0.00,BSP,,,,
RRP/RP Placements/Maturities,Oct,2018,0.00,0.00,BSP,,,,
RRP/RP Placements/Maturities,Nov,2018,0.00,0.00,BSP,,,,
RRP/RP Placements/Maturities,Dec,2018,0.00,0.00,BSP,,,,
RRP/RP Placements/Maturities,Jan,2019,0.00,0.00,BSP,,,,
RRP/RP Placements/Maturities,Feb,2019,0.00,0.00,BSP,,,,
RRP/RP Placements/Maturities,Mar,2019,0.00,0.00,BSP,,,,
RRP/RP Placements/Maturities,Apr,2019,0.00,0.00,BSP,,,,
RRP/RP Placements/Maturities,May,2019,0.00,0.00,BSP,,,,
,,,,,,,,,
MOS** Placements/Maturities,Jan,2016,0.00,0.00,3rd Party,,,,
MOS** Placements/Maturities,Feb,2016,0.00,0.00,3rd Party,,,,
MOS** Placements/Maturities,Mar,2016,0.00,0.00,3rd Party,,,,
MOS** Placements/Maturities,Apr,2016,0.00,0.00,3rd Party,,,,
MOS** Placements/Maturities,May,2016,0.00,0.00,3rd Party,,,,
MOS** Placements/Maturities,Jun,2016,0.00,0.00,3rd Party,,,,
MOS** Placements/Maturities,Jul,2016,0.00,0.00,3rd Party,,,,
MOS** Placements/Maturities,Aug,2016,0.00,0.00,3rd Party,,,,
MOS** Placements/Maturities,Sep,2016,0.00,0.00,3rd Party,,,,
MOS** Placements/Maturities,Oct,2016,0.00,0.00,3rd Party,,,,
MOS** Placements/Maturities,Nov,2016,0.00,0.00,3rd Party,,,,
MOS** Placements/Maturities,Dec,2016,0.00,0.00,3rd Party,,,,
MOS** Placements/Maturities,Jan,2017,3731.00,13892625603991.90,3rd Party,,,,
MOS** Placements/Maturities,Feb,2017,3523.00,13005333492375.50,3rd Party,,,,
MOS** Placements/Maturities,Mar,2017,4089.00,14271828851204.00,3rd Party,,,,
MOS** Placements/Maturities,Apr,2017,3002.00,9806931223138.28,3rd Party,,,,
MOS** Placements/Maturities,May,2017,3917.00,13801736786283.60,3rd Party,,,,
MOS** Placements/Maturities,Jun,2017,3418.00,12915163554799.50,3rd Party,,,,
MOS** Placements/Maturities,Jul,2017,3579.00,13543412455232.90,3rd Party,,,,
MOS** Placements/Maturities,Aug,2017,4042.00,14005989550089.60,3rd Party,,,,
MOS** Placements/Maturities,Sep,2017,4389.00,13083348772535.10,3rd Party,,,,
MOS** Placements/Maturities,Oct,2017,4598.00,13302343585090.70,3rd Party,,,,
MOS** Placements/Maturities,Nov,2017,4724.00,14211278152151.70,3rd Party,,,,
MOS** Placements/Maturities,Dec,2017,3739.00,11749225603673.50,3rd Party,,,,
MOS** Placements/Maturities,Jan,2018,5684.00,20528963638354.40,3rd Party,,,,
MOS** Placements/Maturities,Feb,2018,4605.00,16183848778405.20,3rd Party,,,,
MOS** Placements/Maturities,Mar,2018,5094.00,15323630456191.70,3rd Party,,,,
MOS** Placements/Maturities,Apr,2018,4394.00,13338701127828.40,3rd Party,,,,
MOS** Placements/Maturities,May,2018,4459.00,13460832894853.40,3rd Party,,,,
MOS** Placements/Maturities,Jun,2018,4725.00,13974391007270.20,3rd Party,,,,
MOS** Placements/Maturities,Jul,2018,5408.00,15053945004726.60,3rd Party,,,,
MOS** Placements/Maturities,Aug,2018,5595.00,14769250881384.40,3rd Party,,,,
MOS** Placements/Maturities,Sep,2018,4017.00,10511870970641.60,3rd Party,,,,
MOS** Placements/Maturities,Oct,2018,4892.00,14880000000000.00,3rd Party,,,,
MOS** Placements/Maturities,Nov,2018,3904.00,11370000000000.00,3rd Party,,,,
MOS** Placements/Maturities,Dec,2018,3855.00,12310000000000.00,3rd Party,,,,
MOS** Placements/Maturities,Jan,2019,4700.00,14889371.16,3rd Party,,,,
MOS** Placements/Maturities,Feb,2019,3900.00,12970368.03,3rd Party,,,,
MOS** Placements/Maturities,Mar,2019,4342.00,15302224.59,3rd Party,,,,
MOS** Placements/Maturities,Apr,2019,3424.00,11695770.69,3rd Party,,,,
MOS** Placements/Maturities,May,2019,3470.00,10454046.25,3rd Party,,,,
,,,,,,,,,
,,,,,,,,,
,,,,,,,,,
,,,,,,,,,
,,,,,,,,,
,,,,,,,,,
,,,,,,,,,
,,,,,,,,,
,,,,,,,,,
,,,,,,,,,
,,,,,,,,,
,,,,,,,,,
,,,,,,,,,
,,,,,,,,,
,,,,,,,,,
,,,,,,,,,
,,,,,,,,,
,,,,,,,,,
,,,,,,,,,
,,,,,,,,,
,,,,,,,,,
,,,,,,,,,
,,,,,,,,,
,,,,,,,,,
,,,,,,,,,
,,,,,,,,,
,,,,,,,,,
,,,,,,,,,
,,,,,,,,,
,,,,,,,,,
,,,,,,,,,
,,,,,,,,,
,,,,,,,,,
,,,,,,,,,
,,,,,,,,,
,,,,,,,,,
,,,,,,,,,
,,,,,,,,,
,,,,,,,,,
,,,,,,,,,
,,,,,,,,,
,,,,,,,,,
,,,,,,,,,
,,,,,,,,,
,,,,,,,,,
,,,,,,,,,
,,,,,,,,,
,,,,,,,,,
,,,,,,,,,
,,,,,,,,,
,,,,,,,,,
,,,,,,,,,
,,,,,,,,,
,,,,,,,,,
,,,,,,,,,
,,,,,,,,,
,,,,,,,,,
,,,,,,,,,
,,,,,,,,,
,,,,,,,,,
,,,,,,,,,
,,,,,,,,,
,,,,,,,,,
,,,,,,,,,
,,,,,,,,,
,,,,,,,,,
,,,,,,,,,
,,,,,,,,,
,,,,,,,,,
,,,,,,,,,
,,,,,,,,,
,,,,,,,,,
,,,,,,,,,
,,,,,,,,,
,,,,,,,,,
,,,,,,,,,
,,,,,,,,,
,,,,,,,,,
,,,,,,,,,
,,,,,,,,,
,,,,,,,,,
,,,,,,,,,
,,,,,,,,,
,,,,,,,,,
,,,,,,,,,
,,,,,,,,,
,,,,,,,,,
,,,,,,,,,
,,,,,,,,,
,,,,,,,,,
,,,,,,,,,
,,,,,,,,,
,,,,,,,,,
,,,,,,,,,
,,,,,,,,,
,,,,,,,,,
,,,,,,,,,
,,,,,,,,,
,,,,,,,,,
,,,,,,,,,
,,,,,,,,,
,,,,,,,,,
,,,,,,,,,
,,,,,,,,,
,,,,,,,,,
,,,,,,,,,
,,,,,,,,,
,,,,,,,,,
,,,,,,,,,
,,,,,,,,,
,,,,,,,,,
,,,,,,,,,
,,,,,,,,,
,,,,,,,,,
,,,,,,,,,
,,,,,,,,,
,,,,,,,,,
,,,,,,,,,
,,,,,,,,,
,,,,,,,,,
,,,,,,,,,
,,,,,,,,,
,,,,,,,,,
,,,,,,,,,
,,,,,,,,,
,,,,,,,,,
,,,,,,,,,
,,,,,,,,,
,,,,,,,,,
,,,,,,,,,
,,,,,,,,,
,,,,,,,,,
,,,,,,,,,
,,,,,,,,,
,,,,,,,,,
,,,,,,,,,
,,,,,,,,,
,,,,,,,,,
,,,,,,,,,
,,,,,,,,,
,,,,,,,,,
,,,,,,,,,
,,,,,,,,,
,,,,,,,,,
,,,,,,,,,
,,,,,,,,,
,,,,,,,,,
,,,,,,,,,
,,,,,,,,,
,,,,,,,,,
,,,,,,,,,
,,,,,,,,,
,,,,,,,,,
,,,,,,,,,
,,,,,,,,,
,,,,,,,,,
,,,,,,,,,
,,,,,,,,,
,,,,,,,,,
,,,,,,,,,
,,,,,,,,,
,,,,,,,,,
,,,,,,,,,
,,,,,,,,,
,,,,,,,,,
,,,,,,,,,
,,,,,,,,,
,,,,,,,,,
,,,,,,,,,
,,,,,,,,,
,,,,,,,,,
,,,,,,,,,
,,,,,,,,,
,,,,,,,,,
,,,,,,,,,
,,,,,,,,,
,,,,,,,,,
,,,,,,,,,
,,,,,,,,,
,,,,,,,,,
,,,,,,,,,
,,,,,,,,,
,,,,,,,,,
,,,,,,,,,
,,,,,,,,,
,,,,,,,,,
,,,,,,,,,
,,,,,,,,,
,,,,,,,,,
,,,,,,,,,
,,,,,,,,,
,,,,,,,,,
,,,,,,,,,
,,,,,,,,,
,,,,,,,,,
,,,,,,,,,
,,,,,,,,,
,,,,,,,,,
,,,,,,,,,
,,,,,,,,,
,,,,,,,,,
,,,,,,,,,
,,,,,,,,,
,,,,,,,,,
,,,,,,,,,
,,,,,,,,,
,,,,,,,,,
,,,,,,,,,
,,,,,,,,,
,,,,,,,,,
,,,,,,,,,
,,,,,,,,,
,,,,,,,,,
,,,,,,,,,
,,,,,,,,,
,,,,,,,,,
,,,,,,,,,
,,,,,,,,,
,,,,,,,,,
,,,,,,,,,
,,,,,,,,,
,,,,,,,,,
,,,,,,,,,
,,,,,,,,,
,,,,,,,,,
,,,,,,,,,
,,,,,,,,,
,,,,,,,,,
,,,,,,,,,
,,,,,,,,,
,,,,,,,,,
,,,,,,,,,
,,,,,,,,,
,,,,,,,,,
,,,,,,,,,
,,,,,,,,,
,,,,,,,,,
,,,,,,,,,
,,,,,,,,,
,,,,,,,,,
,,,,,,,,,
,,,,,,,,,
,,,,,,,,,
,,,,,,,,,
,,,,,,,,,
,,,,,,,,,
,,,,,,,,,
,,,,,,,,,
,,,,,,,,,
,,,,,,,,,
,,,,,,,,,
,,,,,,,,,
,,,,,,,,,
,,,,,,,,,
,,,,,,,,,
,,,,,,,,,
,,,,,,,,,
,,,,,,,,,
,,,,,,,,,
,,,,,,,,,
,,,,,,,,,
,,,,,,,,,
,,,,,,,,,
,,,,,,,,,
,,,,,,,,,
,,,,,,,,,
,,,,,,,,,
,,,,,,,,,
,,,,,,,,,
,,,,,,,,,
,,,,,,,,,
,,,,,,,,,
,,,,,,,,,
,,,,,,,,,
,,,,,,,,,
,,,,,,,,,
,,,,,,,,,
,,,,,,,,,
,,,,,,,,,
,,,,,,,,,
,,,,,,,,,
,,,,,,,,,
,,,,,,,,,
,,,,,,,,,
,,,,,,,,,
,,,,,,,,,
,,,,,,,,,
,,,,,,,,,
,,,,,,,,,
,,,,,,,,,
,,,,,,,,,
,,,,,,,,,
,,,,,,,,,
,,,,,,,,,
,,,,,,,,,
,,,,,,,,,
,,,,,,,,,
,,,,,,,,,
,,,,,,,,,
,,,,,,,,,
,,,,,,,,,
,,,,,,,,,
,,,,,,,,,
,,,,,,,,,
,,,,,,,,,
,,,,,,,,,
,,,,,,,,,
,,,,,,,,,
,,,,,,,,,
,,,,,,,,,
,,,,,,,,,
,,,,,,,,,
,,,,,,,,,
,,,,,,,,,
,,,,,,,,,
,,,,,,,,,
,,,,,,,,,
,,,,,,,,,
,,,,,,,,,
,,,,,,,,,
,,,,,,,,,
,,,,,,,,,
,,,,,,,,,
,,,,,,,,,
,,,,,,,,,
,,,,,,,,,
,,,,,,,,,
,,,,,,,,,
,,,,,,,,,
,,,,,,,,,
,,,,,,,,,
,,,,,,,,,
,,,,,,,,,
,,,,,,,,,
,,,,,,,,,
,,,,,,,,,
,,,,,,,,,
,,,,,,,,,
,,,,,,,,,
,,,,,,,,,
,,,,,,,,,
,,,,,,,,,
,,,,,,,,,
,,,,,,,,,
,,,,,,,,,
,,,,,,,,,
,,,,,,,,,
,,,,,,,,,
,,,,,,,,,
,,,,,,,,,
,,,,,,,,,
,,,,,,,,,
,,,,,,,,,
,,,,,,,,,
,,,,,,,,,
,,,,,,,,,
,,,,,,,,,
,,,,,,,,,
,,,,,,,,,
,,,,,,,,,
,,,,,,,,,
,,,,,,,,,
,,,,,,,,,
,,,,,,,,,
,,,,,,,,,
,,,,,,,,,
,,,,,,,,,
,,,,,,,,,
,,,,,,,,,
,,,,,,,,,
,,,,,,,,,
,,,,,,,,,
,,,,,,,,,
,,,,,,,,,
,,,,,,,,,
,,,,,,,,,
,,,,,,,,,
,,,,,,,,,
